v -5.25293 0.367395 0.973402
v -5.17928 0.363192 0.973729
v -5.30054 0.371696 0.973067
v -5.2357 0.148855 0.973402
v -5.22843 0.566522 0.973402
v -5.22843 0.566522 0.973402
v -5.16245 0.149868 0.973729
v -5.28332 0.153377 0.973067
v -5.15521 0.557287 0.973729
v -5.27591 0.570335 0.973067
v -5.09713 0.359989 0.973978
v -5.31124 0.375111 0.972801
v -5.08099 0.155845 0.973978
v -5.29442 0.162391 0.972801
v -5.18369 -0.0656411 0.973402
v -5.18369 -0.0656411 0.973402
v -5.07364 0.544958 0.973978
v -5.28677 0.56785 0.972801
v -5.11163 -0.0600638 0.973729
v -5.23131 -0.0614702 0.973067
v -5.15495 0.725972 0.973402
v -5.0118 0.357736 0.974154
v -5.28994 0.377589 0.972608
v -5.20202 0.729392 0.973067
v -5.083 0.712705 0.973729
v -5.03222 -0.0465474 0.973978
v -5.2436 -0.0485027 0.972801
v -4.99655 0.165562 0.974154
v -5.27385 0.17475 0.972608
v -4.98901 0.530688 0.974154
v -5.2659 0.56014 0.972608
v -5.00326 0.693069 0.973978
v -5.21343 0.722182 0.972801
v -5.09642 -0.27573 0.973402
v -5.09642 -0.27573 0.973402
v -5.14401 -0.272354 0.973067
v -5.02633 -0.266123 0.973729
v -4.95043 -0.0272372 0.974154
v -5.22517 -0.0287488 0.972608
v -4.92842 0.356397 0.974258
v -5.24226 0.379092 0.972491
v -4.91419 0.177876 0.974258
v -5.22712 0.189203 0.972491
v -4.90639 0.515567 0.974258
v -5.21882 0.548398 0.972491
v -4.9208 0.669177 0.974154
v -5.19389 0.706316 0.972608
v -4.95028 -0.246416 0.973978
v -5.15823 -0.256768 0.972801
v -5.03249 0.850151 0.973402
v -5.18126 -0.00439078 0.972491
v -4.87107 -0.00412792 0.974258
v -4.96271 0.833745 0.973729
v -5.0789 0.853266 0.973067
v -4.85204 0.355953 0.974293
v -5.17431 0.379596 0.972452
v -5.14328 -0.231632 0.972608
v -4.87285 -0.219453 0.974154
v -5.16027 0.204444 0.972452
v -4.83887 0.19171 0.974293
v -4.84052 0.64302 0.974258
v -5.14876 0.683967 0.972491
v -4.88607 0.808417 0.973978
v -5.09132 0.842376 0.972801
v -4.83076 0.500649 0.974293
v -5.15162 0.533902 0.972452
v -4.97338 -0.481042 0.973402
v -4.90604 -0.467838 0.973729
v -5.02091 -0.478792 0.973067
v -4.79888 0.0208826 0.974293
v -5.11763 0.0222697 0.972452
v -5.10398 -0.199841 0.972491
v -4.79842 -0.187877 0.974258
v -4.80736 0.777034 0.974154
v -5.07416 0.820158 0.972608
v -4.78776 0.356397 0.974258
v -5.09264 0.379092 0.972491
v -4.83466 -0.442991 0.973978
v -5.03775 -0.4616 0.972801
v -4.77562 0.206025 0.974258
v -5.07972 0.219144 0.972491
v -5.08389 0.65746 0.972452
v -4.76724 0.616511 0.974293
v -4.76718 0.486978 0.974258
v -5.07075 0.517988 0.972491
v -4.76323 -0.409876 0.974154
v -5.02758 -0.432623 0.972608
v -5.04042 0.048871 0.972491
v -4.73866 0.0459453 0.974258
v -5.04563 -0.164459 0.972452
v -4.73137 -0.154216 0.974293
v -4.73114 0.742282 0.974258
v -5.03241 0.78955 0.972491
v -4.74087 0.357736 0.974154
v -5.00398 0.377589 0.972608
v -4.86104 0.943469 0.973402
v -4.86104 0.943469 0.973402
v -4.72965 0.21978 0.974154
v -4.99213 0.231978 0.972608
v -4.70586 0.59154 0.974258
v -5.00552 0.629209 0.972491
v -4.79433 0.924704 0.973729
v -4.90658 0.946355 0.973067
v -4.72089 0.475623 0.974154
v -4.98289 0.502019 0.972608
v -4.6956 -0.371633 0.974258
v -4.99461 -0.395299 0.972491
v -4.6954 0.0692116 0.974154
v -4.95598 0.0730528 0.972608
v -4.97389 -0.128642 0.972491
v -4.67612 -0.120941 0.974258
v -4.72219 0.895099 0.973978
v -4.92055 0.9327 0.972801
v -4.81409 -0.68121 0.973402
v -4.81409 -0.68121 0.973402
v -4.71698 0.359989 0.973978
v -4.91512 0.375111 0.972801
v -4.66196 0.706745 0.974293
v -4.97161 0.753687 0.972452
v -4.86149 -0.680295 0.973067
v -4.75027 -0.664732 0.973729
v -4.70648 0.231923 0.973978
v -4.90418 0.241665 0.972801
v -4.69742 0.467692 0.973978
v -4.89475 0.487338 0.972801
v -4.66143 0.570019 0.974154
v -4.92013 0.601654 0.972608
v -4.63562 -0.331274 0.974293
v -4.94352 -0.353277 0.972452
v -4.68482 -0.635501 0.973978
v -4.88161 -0.662196 0.972801
v -4.72214 0.363192 0.973729
v -4.8327 0.371696 0.973067
v -4.64889 0.858085 0.974154
v -4.9069 0.905708 0.972608
v -4.67437 0.0887862 0.973978
v -4.87073 0.0925159 0.972801
v -4.71209 0.241352 0.973729
v -4.82242 0.247003 0.973067
v -4.76307 0.367395 0.973402
v -4.89464 -0.0955503 0.972608
v -4.63728 -0.0905262 0.974154
v -4.70279 0.464372 0.973729
v -4.8129 0.475245 0.973067
v -4.75311 0.246889 0.973402
v -4.60441 0.672971 0.974258
v -4.89761 0.715826 0.972491
v -4.62099 -0.597299 0.974154
v -4.87745 -0.630449 0.972608
v -4.74364 0.466958 0.973402
v -4.74364 0.466958 0.973402
v -4.68131 0.102678 0.973729
v -4.79092 0.105083 0.973067
v -4.63933 0.553934 0.973978
v -4.83421 0.577203 0.972801
v -4.5872 -0.29174 0.974258
v -4.87931 -0.310318 0.972491
v -4.72257 0.108749 0.973402
v -4.72257 0.108749 0.973402
v -4.57859 0.816874 0.974258
v -4.87015 0.868891 0.972491
v -4.61974 -0.0655133 0.973978
v -4.81381 -0.0682653 0.972801
v -4.56196 -0.553662 0.974258
v -4.85246 -0.588919 0.972491
v -4.75414 0.558161 0.973067
v -4.64537 0.545392 0.973729
v -4.56325 0.643535 0.974154
v -4.81651 0.67925 0.972608
v -4.686 0.546683 0.973402
v -4.686 0.546683 0.973402
v -4.73723 -0.0497195 0.973067
v -4.62885 -0.048582 0.973729
v -4.55443 -0.255989 0.974154
v -4.8072 -0.270196 0.972608
v -4.67048 -0.0426178 0.973402
v -4.51539 0.774554 0.974293
v -4.8153 0.826 0.972452
v -4.81053 -0.541715 0.972452
v -4.51092 -0.507975 0.974293
v -4.6406 1.01033 0.973402
v -4.54356 0.6211 0.973978
v -4.73442 0.64719 0.972801
v -4.54169 -0.227068 0.973978
v -4.73248 -0.236607 0.972801
v -4.57791 0.98988 0.973729
v -4.6851 1.01306 0.973067
v -4.61807 -0.875869 0.973402
v -4.61807 -0.875869 0.973402
v -4.66525 -0.876381 0.973067
v -4.55852 -0.856331 0.973729
v -4.47112 -0.463554 0.974258
v -4.75584 -0.493073 0.972491
v -4.55374 -0.208183 0.973729
v -4.66036 -0.213058 0.973067
v -4.5117 0.957211 0.973978
v -4.70123 0.997421 0.972801
v -4.55082 0.60849 0.973729
v -4.65738 0.622737 0.973067
v -4.46344 0.734167 0.974258
v -4.74767 0.780918 0.972491
v -4.59586 -0.202802 0.973402
v -4.50022 -0.823172 0.973978
v -4.68926 -0.857751 0.972801
v -4.59113 0.608773 0.973402
v -4.44602 -0.423737 0.974154
v -4.69277 -0.447254 0.972608
v -4.44562 0.916161 0.974154
v -4.69235 0.967007 0.972608
v -4.44556 -0.780516 0.974154
v -4.69228 -0.823833 0.972608
v -4.4271 0.69878 0.974154
v -4.6728 0.737562 0.972608
v -4.67686 -0.778856 0.972491
v -4.39687 -0.732228 0.974258
v -4.43931 -0.391967 0.973978
v -4.62579 -0.408433 0.972801
v -4.38321 0.870322 0.974258
v -4.66233 0.925743 0.972491
v -4.55934 -0.380585 0.973067
v -4.45503 -0.371878 0.973729
v -4.41097 0.671573 0.973978
v -4.59627 0.699784 0.972801
v -4.49773 -0.367394 0.973402
v -4.49773 -0.367394 0.973402
v -4.64592 -0.727306 0.972452
v -4.35655 -0.682006 0.974293
v -4.42009 0.655907 0.973729
v -4.52358 0.671264 0.973067
v -4.328 0.823141 0.974293
v -4.61546 0.877815 0.972452
v -4.60265 -0.673825 0.972491
v -4.3271 -0.633486 0.974258
v -4.46001 0.655432 0.973402
v -4.46001 0.655432 0.973402
v -4.31118 -0.590327 0.974154
v -4.55044 -0.62309 0.972608
v -4.28358 0.778015 0.974258
v -4.55635 0.827559 0.972491
v -4.31167 -0.556306 0.973978
v -4.49279 -0.579675 0.972801
v -4.38481 -1.06465 0.973402
v -4.4332 -0.547957 0.973067
v -4.33178 -0.535421 0.973729
v -4.33029 -1.04216 0.973729
v -4.43168 -1.06656 0.973067
v -4.3751 -0.531987 0.973402
v -4.3751 -0.531987 0.973402
v -4.37118 1.05516 0.973402
v -4.37118 1.05516 0.973402
v -4.25372 0.738367 0.974154
v -4.48979 0.779345 0.972608
v -4.28035 -1.00523 0.973978
v -4.46015 -1.04746 0.972801
v -4.31348 1.03357 0.973729
v -4.41447 1.05777 0.973067
v -4.47145 -1.0115 0.972608
v -4.23634 -0.958318 0.974154
v -4.25472 0.998846 0.973978
v -4.43344 1.0408 0.972801
v -4.24243 0.707738 0.973978
v -4.42064 0.737468 0.972801
v -4.19967 -0.905592 0.974258
v -4.4671 -0.96326 0.972491
v -4.19774 0.955091 0.974154
v -4.43071 1.0081 0.972608
v -4.17181 -0.851054 0.974293
v -4.44891 -0.907582 0.972452
v -4.25411 0.689882 0.973729
v -4.35371 0.706037 0.973067
v -4.29362 0.688865 0.973402
v -4.29362 0.688865 0.973402
v -4.15436 -0.79864 0.974258
v -4.4189 -0.849497 0.972491
v -4.14532 0.90615 0.974258
v -4.4093 0.963853 0.972491
v -4.14906 -0.752313 0.974154
v -4.37933 -0.794066 0.972608
v -4.15788 -0.716177 0.973978
v -4.33254 -0.746261 0.972801
v -4.10026 0.855712 0.974293
v -4.37261 0.912548 0.972452
v -4.28095 -0.710826 0.973067
v -4.18301 -0.694563 0.973729
v -4.227 -0.692171 0.973402
v -4.06543 0.807408 0.974258
v -4.32432 0.858823 0.972491
v -4.04385 0.764903 0.974154
v -4.26828 0.807354 0.972608
v -4.03879 0.731981 0.973978
v -4.20845 0.762729 0.972801
v -4.11384 -1.24718 0.973402
v -4.11384 -1.24718 0.973402
v -4.16026 -1.25035 0.973067
v -4.06508 -1.22174 0.973729
v -4.19373 -1.23052 0.972801
v -4.02466 -1.18091 0.973978
v -4.05382 0.712658 0.973729
v -4.14874 0.729344 0.973067
v -4.21437 -1.19218 0.972608
v -3.99277 -1.1295 0.974154
v -4.09294 0.711276 0.973402
v -4.09294 0.711276 0.973402
v -4.22252 -1.14029 0.972491
v -3.96973 -1.07202 0.974258
v -4.21874 -1.08008 0.972452
v -3.95599 -1.01281 0.974293
v -4.20377 -1.017 0.972491
v -3.9521 -0.956117 0.974258
v -4.17853 -0.956552 0.972608
v -3.95882 -0.906256 0.974154
v -3.97702 -0.867668 0.973978
v -4.14408 -0.904116 0.972801
v -4.10162 -0.864848 0.973067
v -4.00779 -0.845062 0.973729
v -4.05277 1.08234 0.973402
v -4.05244 -0.843538 0.973402
v -4.05244 -0.843538 0.973402
v -4.00104 1.06007 0.973729
v -4.09472 1.08489 0.973067
v -3.95133 1.0241 0.973978
v -4.11731 1.06712 0.972801
v -3.90546 0.978704 0.974154
v -4.1222 1.03302 0.972608
v -3.86527 0.927881 0.974258
v -4.11141 0.986968 0.972491
v -4.08724 0.933615 0.972452
v -3.83267 0.875468 0.974293
v -3.80962 0.825237 0.974258
v -4.05221 0.877787 0.972491
v -3.79826 0.780997 0.974154
v -4.00906 0.824341 0.972608
v -3.80092 0.746686 0.973978
v -3.96058 0.778052 0.972801
v -3.82017 0.726472 0.973729
v -3.90962 0.743482 0.973067
v -3.85895 0.724869 0.973402
v -3.85046 -0.981678 0.973402
v -3.85046 -0.981678 0.973402
v -3.89424 -1.00567 0.973067
v -3.80515 -0.982666 0.973729
v -3.92647 -1.04917 0.972801
v -3.76818 -1.00687 0.973978
v -3.94714 -1.10691 0.972608
v -3.7396 -1.04871 0.974154
v -3.95642 -1.17326 0.972491
v -3.71956 -1.10302 0.974258
v -3.95467 -1.24232 0.972452
v -3.70836 -1.16495 0.974293
v -3.94243 -1.30809 0.972491
v -3.70641 -1.22977 0.974258
v -3.9204 -1.3646 0.972608
v -3.71426 -1.29285 0.974154
v -3.88943 -1.40612 0.972801
v -3.73263 -1.34943 0.973978
v -3.85049 -1.42726 0.973067
v -3.7624 -1.39461 0.973729
v -3.80466 -1.4231 0.973402
v -3.80466 -1.4231 0.973402
v -3.68538 1.09631 0.973402
v -3.68538 1.09631 0.973402
v -3.64065 1.07368 0.973729
v -3.72589 1.09881 0.973067
v -3.60164 1.03707 0.973978
v -3.75293 1.08063 0.972801
v -3.56898 0.990831 0.974154
v -3.76705 1.04582 0.972608
v -3.76903 0.998839 0.972491
v -3.54339 0.939042 0.974258
v -3.75985 0.944435 0.972452
v -3.52568 0.885612 0.974293
v -3.7407 0.887524 0.972491
v -3.51676 0.834391 0.974258
v -3.62006 -1.10218 0.973402
v -3.62006 -1.10218 0.973402
v -3.62006 -1.10218 0.973402
v -3.65782 -1.12896 0.973067
v -3.57413 -1.10313 0.973729
v -3.51768 0.789262 0.974154
v -3.71291 0.833065 0.972608
v -3.60822 -0.878195 0.973402
v -3.60822 -0.878195 0.973402
v -3.67876 -1.17735 0.972801
v -3.53045 -1.12989 0.973978
v -3.67793 0.785921 0.972801
v -3.52966 0.754238 0.973978
v -3.5972 -1.31172 0.973402
v -3.5972 -1.31172 0.973402
v -3.5541 0.733567 0.973729
v -3.63731 0.750742 0.973067
v -3.59263 0.73185 0.973402
v -3.59263 0.73185 0.973402
v -3.68427 -1.24151 0.972608
v -3.49055 -1.17623 0.974154
v -3.41777 -1.05283 0.974683
v -3.41777 -1.05283 0.974683
v -3.75398 -1.1564 0.971995
v -3.57434 -0.647594 0.973402
v -3.57434 -0.647594 0.973402
v -3.40716 -0.839005 0.974678
v -3.74106 -0.921226 0.972001
v -3.67602 -1.3152 0.972491
v -3.45594 -1.23646 0.974258
v -3.39728 -1.25337 0.974674
v -3.72903 -1.37577 0.972006
v -3.42822 -1.30516 0.974293
v -3.65593 -1.39185 0.972452
v -3.53515 -1.49995 0.973402
v -3.53515 -1.49995 0.973402
v -3.37678 -0.618982 0.974666
v -3.70408 -0.678979 0.972016
v -3.52086 -0.411114 0.973402
v -3.52086 -0.411114 0.973402
v -3.62614 -1.46481 0.972491
v -3.40906 -1.37712 0.974258
v -3.3416 -1.43445 0.974651
v -3.66137 -1.57172 0.972034
v -3.58895 -1.52748 0.972608
v -3.40024 -1.44716 0.974154
v -3.32877 -0.393239 0.974645
v -3.6458 -0.430692 0.97204
v -3.54672 -1.57347 0.972801
v -3.40374 -1.51003 0.973978
v -3.50187 -1.5968 0.973067
v -3.42175 -1.56027 0.973729
v -3.45677 -1.59204 0.973402
v -3.45677 -1.59204 0.973402
v -3.16728 -1.01011 0.975791
v -3.16728 -1.01011 0.975791
v -3.80262 -1.21273 0.970533
v -3.80262 -1.21273 0.970533
v -3.45024 -0.169491 0.973402
v -3.45024 -0.169491 0.973402
v -3.15793 -0.805075 0.975783
v -3.78887 -0.965924 0.970545
v -3.44371 -1.6676 0.973402
v -3.44371 -1.6676 0.973402
v -3.14922 -1.20284 0.975776
v -3.77607 -1.44227 0.970556
v -3.13115 -0.594189 0.97576
v -3.74957 -0.711547 0.970578
v -3.26525 -0.162279 0.974619
v -3.56898 -0.177374 0.972072
v -3.25937 -1.59679 0.974616
v -3.56188 -1.74499 0.972075
v -3.10011 -1.37764 0.975734
v -3.70422 -1.6461 0.970615
v -3.36493 0.0765405 0.973402
v -3.36493 0.0765405 0.973402
v -3.08877 -0.377729 0.975724
v -3.68772 -0.450974 0.970629
v -3.33268 -1.81542 0.973402
v -3.33268 -1.81542 0.973402
v -3.18836 0.0733697 0.974587
v -3.47639 0.0799979 0.97211
v -3.29496 0.734422 0.973402
v -3.03264 -0.15601 0.975677
v -3.60634 -0.185523 0.970697
v -3.15924 -1.74098 0.974575
v -3.44145 -1.8965 0.972125
v -3.25655 0.736181 0.973729
v -3.3328 0.753417 0.973067
v -3.2259 0.75702 0.973978
v -3.36141 0.78882 0.972801
v -3.20287 0.792307 0.974154
v -3.38063 0.836279 0.972608
v -3.02744 -1.53522 0.975672
v -3.59884 -1.82498 0.970703
v -3.18746 0.837765 0.974258
v -3.39044 0.891113 0.972491
v -3.17977 0.88935 0.974293
v -3.39097 0.948421 0.972452
v -3.18001 0.943152 0.974258
v -3.38251 1.00321 0.972491
v -3.18851 0.995299 0.974154
v -3.36547 1.05054 0.972608
v -3.20575 1.04185 0.973978
v -3.34041 1.08561 0.972801
v -3.23232 1.07869 0.973729
v -3.308 1.10395 0.973067
v -3.269 1.10145 0.973402
v -3.26736 0.326246 0.973402
v -3.26736 0.326246 0.973402
v -2.87943 -0.973425 0.976743
v -2.87943 -0.973425 0.976743
v -3.7573 -1.2702 0.969042
v -3.7573 -1.2702 0.969042
v -2.87135 -0.775932 0.976732
v -3.7431 -1.01151 0.96906
v -2.86381 -1.15943 0.976722
v -3.72988 -1.51007 0.969077
v -3.1002 0.313151 0.97455
v -3.3708 0.340484 0.972154
v -2.84816 -0.572878 0.976702
v -3.70251 -0.744723 0.969112
v -2.96455 0.0706072 0.975619
v -3.5085 0.0835625 0.970778
v -3.21184 -1.94413 0.973402
v -3.21184 -1.94413 0.973402
v -2.82127 -1.32876 0.976666
v -3.65574 -1.72177 0.969172
v -2.93874 -1.67608 0.975597
v -3.47165 -1.98002 0.970809
v -3.04993 -1.86752 0.974529
v -3.31085 -2.02729 0.972179
v -2.81145 -0.36438 0.976653
v -3.63873 -0.4716 0.969194
v -3.16 0.578891 0.973402
v -3.16 0.578891 0.973402
v -3.00292 0.556479 0.974509
v -3.25496 0.603185 0.972202
v -2.88633 0.301714 0.975552
v -3.39724 0.355121 0.970871
v -2.76276 -0.150606 0.976589
v -3.55498 -0.193792 0.969301
v -2.75824 -1.48214 0.976583
v -3.54726 -1.90612 0.969311
v -3.09101 -2.05447 0.973402
v -3.09101 -2.05447 0.973402
v -2.84163 -1.80052 0.975515
v -3.33422 -2.11263 0.970923
v -2.94026 -1.97681 0.974483
v -3.18072 -2.13848 0.972232
v -3.04529 0.833741 0.973402
v -3.04529 0.833741 0.973402
v -2.7036 0.0682216 0.97651
v -3.45453 0.0871701 0.96943
v -2.79979 0.536849 0.975479
v -3.27556 0.628078 0.970972
v -2.89866 0.802732 0.974466
v -3.1316 0.867241 0.972253
v -2.68114 -1.61999 0.976481
v -3.41676 -2.06446 0.969479
v -2.5624 -0.942286 0.977551
v -2.5624 -0.942286 0.977551
v -3.60977 -1.32744 0.967557
v -3.60977 -1.32744 0.967557
v -2.55556 -0.751187 0.977538
v -3.59557 -1.05689 0.967582
v -2.97998 -2.14718 0.973402
v -2.97998 -2.14718 0.973402
v -2.54918 -1.12256 0.977526
v -3.58236 -1.57754 0.967606
v -2.96692 0.734789 0.973402
v -2.92846 0.736553 0.973729
v -2.99702 0.753799 0.973067
v -2.53592 -0.554772 0.977501
v -3.55503 -0.777719 0.967655
v -2.74392 -1.90867 0.975432
v -3.19779 -2.22439 0.971037
v -2.89047 0.757417 0.973978
v -3.01189 0.789234 0.972801
v -2.6355 0.291815 0.97642
v -3.34062 0.369889 0.969576
v -3.06155 -2.23128 0.972282
v -2.83915 -2.06919 0.974441
v -2.85457 0.792743 0.974154
v -3.013 0.836739 0.972608
v -2.51314 -1.2872 0.977459
v -3.50837 -1.79695 0.967739
v -2.92569 1.09006 0.973402
v -2.92569 1.09006 0.973402
v -2.50481 -0.353028 0.977443
v -3.49141 -0.49208 0.96777
v -2.70679 0.775492 0.9754
v -3.14643 0.901449 0.971079
v -2.82235 0.838246 0.974258
v -3.00207 0.891625 0.972491
v -2.59654 -1.74246 0.976369
v -3.27626 -2.19859 0.969659
v -2.7896 1.05126 0.97442
v -3.00343 1.13184 0.972306
v -2.88854 -2.22298 0.973402
v -2.88854 -2.22298 0.973402
v -2.79542 0.889883 0.974293
v -2.98109 0.94899 0.972452
v -2.77546 0.94374 0.974258
v -2.9522 1.00384 0.972491
v -2.4635 -0.146004 0.977365
v -3.40803 -0.201984 0.967919
v -2.96371 -2.3069 0.972322
v -2.75565 -2.14495 0.974406
v -2.45966 -1.43694 0.977358
v -3.40036 -1.98649 0.967933
v -2.56001 0.519819 0.97632
v -3.21645 0.653111 0.969735
v -2.65359 -2.00056 0.975355
v -3.0733 -2.31698 0.97114
v -2.76426 0.995936 0.974154
v -2.91768 1.05121 0.972608
v -2.82649 -2.28262 0.973402
v -2.82649 -2.28262 0.973402
v -2.76376 1.04253 0.973978
v -2.87985 1.08632 0.972801
v -2.77608 1.07941 0.973729
v -2.84108 1.10468 0.973067
v -2.80363 1.34711 0.973402
v -2.80363 -2.32683 0.973402
v -2.80363 1.10218 0.973402
v -2.80363 1.34711 0.973402
v -2.80363 -2.32683 0.973402
v -2.79787 -2.36345 0.973402
v -2.79787 -2.36345 0.973402
v -2.60923 1.01706 0.975317
v -3.01273 1.17435 0.971191
v -2.89747 -2.36661 0.97235
v -2.69887 -2.20439 0.974382
v -2.41323 0.0661867 0.977271
v -3.30827 0.0907345 0.968098
v -2.51119 -1.84946 0.976256
v -3.1373 -2.31059 0.969837
v -2.77228 -2.39933 0.973402
v -2.77228 -2.39933 0.973402
v -2.67793 1.30136 0.974373
v -2.8731 -2.41162 0.97236
v -2.8731 1.3962 0.97236
v -2.67793 -2.2478 0.974373
v -2.67793 -2.2478 0.974373
v -2.8731 -2.41162 0.97236
v -2.7715 1.40498 0.973402
v -2.7715 1.40498 0.973402
v -2.86697 -2.44937 0.972362
v -2.67265 -2.28335 0.974371
v -2.39413 -1.57212 0.977235
v -3.27084 -2.14781 0.968165
v -2.9714 -2.3922 0.971225
v -2.57881 -2.07613 0.975291
v -2.47869 0.751799 0.976213
v -3.08511 0.935729 0.969903
v -2.64918 -2.31884 0.974361
v -2.8397 -2.48561 0.972374
v -2.64847 1.35786 0.974361
v -2.83887 1.45548 0.972374
v -2.73766 1.44998 0.973402
v -2.73766 1.44998 0.973402
v -2.71435 -2.43374 0.973402
v -2.71435 -2.43374 0.973402
v -2.35528 0.283356 0.977162
v -3.19547 0.384436 0.968301
v -2.61741 1.40202 0.974348
v -2.80286 1.50135 0.972389
v -2.70406 1.48213 0.973402
v -2.90258 -2.45181 0.971282
v -2.52786 -2.13528 0.975248
v -3.01095 -2.4027 0.969998
v -2.43209 -1.94078 0.976151
v -2.59601 -2.35399 0.974339
v -2.77807 -2.51909 0.972399
v -2.50904 1.26091 0.975232
v -2.50904 -2.17794 0.975232
v -2.50904 -2.17794 0.975232
v -2.87728 -2.49758 0.971303
v -2.87728 -2.49758 0.971303
v -2.87728 1.44597 0.971303
v -2.87092 -2.53645 0.971309
v -2.5043 -2.21254 0.975228
v -2.58655 1.43377 0.974335
v -2.76714 1.53387 0.972404
v -2.22221 -0.916305 0.978225
v -2.22221 -0.916305 0.978225
v -3.35323 -1.38267 0.966124
v -3.35323 -1.38267 0.966124
v -2.67267 1.50142 0.973402
v -2.67267 1.50142 0.973402
v -2.32208 -1.69278 0.977099
v -3.13188 -2.28313 0.968415
v -2.21658 -0.730538 0.978211
v -3.3396 -1.10066 0.966157
v -2.21133 -1.09179 0.978197
v -3.32694 -1.6426 0.966188
v -2.48321 -2.24764 0.97521
v -2.84265 -2.57298 0.971332
v -2.48257 1.31618 0.97521
v -2.8418 1.50663 0.971333
v -2.64545 1.50785 0.973402
v -2.64545 1.50785 0.973402
v -2.55769 1.45306 0.974323
v -2.73379 1.55311 0.972417
v -2.39318 0.987239 0.9761
v -2.94963 1.21679 0.970077
v -2.20042 -0.539654 0.978169
v -3.30074 -0.80951 0.966251
v -2.64034 1.34711 0.973402
v -2.64034 1.34711 0.973402
v -2.29092 0.505235 0.977041
v -3.07289 0.677689 0.968521
v -2.62434 1.50142 0.973402
v -2.62434 1.50142 0.973402
v -2.45463 1.35954 0.975186
v -2.80449 1.55332 0.971364
v -2.61736 1.40498 0.973402
v -2.61736 1.40498 0.973402
v -2.53264 1.45984 0.974313
v -2.7049 1.55913 0.972429
v -2.18166 -1.25248 0.978121
v -3.25605 -1.86929 0.96636
v -2.6116 -2.46595 0.973402
v -2.6116 -2.46595 0.973402
v -2.61132 1.48213 0.973402
v -2.61132 1.48213 0.973402
v -2.52794 1.30431 0.974311
v -2.69948 1.39282 0.972432
v -2.90785 -2.47726 0.970131
v -2.36646 -2.01605 0.976064
v -2.60834 1.44998 0.973402
v -2.60834 1.44998 0.973402
v -2.1748 -0.343541 0.978103
v -3.23983 -0.511779 0.966399
v -2.43536 -2.28333 0.97517
v -2.77884 -2.60537 0.971385
v -2.51321 1.45404 0.974304
v -2.68252 1.55199 0.972439
v -2.50678 1.36077 0.974302
v -2.67512 1.45215 0.972442
v -2.42684 1.39091 0.975162
v -2.76753 1.58616 0.971394
v -2.50147 -2.38855 0.9743
v -2.66902 -2.54853 0.972444
v -2.50121 1.43562 0.974299
v -2.66871 1.53176 0.972444
v -2.49846 1.40454 0.974298
v -2.66555 1.49847 0.972446
v -2.24923 -1.79869 0.976963
v -2.99496 -2.39505 0.968661
v -2.40084 1.41017 0.97514
v -2.73306 1.6053 0.971423
v -2.83837 -2.53662 0.970219
v -2.32168 -2.07486 0.976005
v -2.14075 -0.142154 0.978015
v -3.16015 -0.209847 0.966592
v -2.13758 -1.39911 0.978007
v -3.15283 -2.06362 0.96661
v -2.30513 1.22553 0.975983
v -2.30513 -2.11683 0.975983
v -2.81287 -2.58309 0.970252
v -2.81287 -2.58309 0.970252
v -2.81287 1.49547 0.970252
v -2.30513 -2.11683 0.975983
v -2.22146 0.731463 0.97691
v -2.94367 0.969269 0.968753
v -2.37825 1.41722 0.975121
v -2.70321 1.61086 0.971448
v -2.80645 -2.62306 0.97026
v -2.30096 -2.1506 0.975978
v -2.37401 1.26631 0.975117
v -2.69762 1.43893 0.971453
v -2.36072 1.41196 0.975106
v -2.68011 1.60299 0.971467
v -2.28239 -2.18531 0.975953
v -2.77798 -2.65982 0.970297
v -2.28183 1.27969 0.975952
v -2.77712 1.55746 0.970298
v -2.35491 1.3215 0.975101
v -2.67248 1.49971 0.971474
v -2.66618 -2.63177 0.971479
v -2.35013 -2.31979 0.975097
v -2.34989 1.39429 0.975097
v -2.66587 1.58178 0.971479
v -2.34741 1.36416 0.975095
v -2.66262 1.54733 0.971482
v -2.09927 0.0644819 0.977908
v -3.06505 0.0941468 0.966823
v -2.8709 -2.4864 0.968884
v -2.18158 -1.8894 0.976835
v -2.47706 1.34711 0.973402
v -2.47706 1.34711 0.973402
v -2.25722 1.32233 0.97592
v -2.73957 1.60491 0.970346
v -2.0835 -1.53199 0.977867
v -3.02942 -2.22752 0.96691
v -2.24023 -2.2214 0.975897
v -2.71378 -2.69097 0.970379
v -2.45154 -2.49522 0.973402
v -2.45154 -2.49522 0.973402
v -2.37727 1.30728 0.974248
v -2.52671 1.38945 0.972503
v -2.23272 1.35333 0.975887
v -2.70241 1.63803 0.970394
v -2.43558 1.41373 0.973402
v -2.43558 1.41373 0.973402
v -2.14825 0.961582 0.976773
v -2.81084 1.25816 0.968991
v -2.35367 -2.4223 0.974238
v -2.49979 -2.57267 0.972514
v -2.05139 0.276258 0.977784
v -2.95779 0.398322 0.967083
v -2.20978 1.37254 0.975857
v -2.66779 1.65702 0.970438
v -2.48296 1.45727 0.972521
v -2.3389 1.37272 0.974232
v -2.76997 -2.5601 0.969065
v -2.12535 -1.96432 0.97673
v -2.18984 1.37981 0.975831
v -2.63785 1.66209 0.970476
v -2.1861 1.23295 0.975826
v -2.63224 1.48457 0.970484
v -2.02392 -1.65107 0.977713
v -2.89747 -2.36368 0.96723
v -2.17436 1.375 0.97581
v -2.61468 1.65344 0.970506
v -2.23782 1.27176 0.975002
v -2.5197 1.43196 0.971601
v -2.16923 1.28701 0.975803
v -2.60703 1.54675 0.970516
v -2.165 -2.25938 0.975798
v -2.60072 -2.7141 0.970524
v -2.16479 1.35799 0.975797
v -2.60041 1.63125 0.970524
v -2.1626 1.32868 0.975795
v -2.59714 1.59566 0.970529
v -2.7021 -2.61906 0.969187
v -2.08692 -2.02278 0.976658
v -2.84159 0.701075 0.967366
v -1.99813 0.492976 0.977647
v -2.21643 -2.35723 0.974984
v -2.49206 -2.65037 0.971624
v -2.07271 1.19502 0.976631
v -2.07271 -2.06413 0.976631
v -2.07271 -2.06413 0.976631
v -2.67723 -2.66615 0.969231
v -2.67723 -2.66615 0.969231
v -2.67723 1.54356 0.969231
v -2.67097 -2.70718 0.969242
v -2.06912 -2.09717 0.976624
v -2.47479 1.50093 0.971638
v -2.20304 1.33612 0.974972
v -2.32161 1.4686 0.973402
v -2.32161 1.4686 0.973402
v -2.05317 -2.13153 0.976594
v -2.64322 -2.7441 0.969292
v -2.05268 1.2482 0.976593
v -2.64238 1.60679 0.969294
v -1.96358 -1.75597 0.977557
v -2.7679 -2.47525 0.967544
v -2.2332 1.42826 0.974187
v -2.363 1.51128 0.972571
v -1.86312 -0.895194 0.978773
v -1.86312 -0.895194 0.978773
v -2.98385 -1.43368 0.9648
v -2.98385 -1.43368 0.9648
v -1.85867 -0.713757 0.978757
v -2.97146 -1.14108 0.964841
v -2.03153 1.2902 0.976553
v -2.60582 1.65493 0.96936
v -1.85453 -1.06678 0.978742
v -2.95995 -1.70266 0.964878
v -1.84592 -0.527363 0.978712
v -2.93616 -0.838837 0.964956
v -1.94054 0.714336 0.977498
v -2.71949 1.00107 0.967662
v -2.01692 -2.1679 0.976526
v -2.58072 -2.77391 0.969405
v -2.01046 1.32086 0.976514
v -2.56967 1.68826 0.969424
v -1.8311 -1.22424 0.978659
v -2.89561 -1.93595 0.965089
v -2.06562 1.24046 0.975666
v -2.45423 1.47383 0.970712
v -1.82568 -0.335823 0.97864
v -2.88089 -0.529923 0.965137
v -1.99071 1.34 0.976477
v -2.53602 1.70706 0.969485
v -2.10707 1.39215 0.974891
v -2.35192 1.55393 0.97174
v -2.22168 -2.52082 0.973402
v -2.22168 -2.52082 0.973402
v -2.04666 -2.29986 0.975641
v -2.42664 -2.72685 0.970747
v -2.65089 -2.56562 0.967828
v -1.90744 -1.84609 0.977412
v -1.97354 1.34744 0.976445
v -2.50693 1.71162 0.969537
v -2.40942 1.54388 0.970769
v -2.03478 1.30382 0.975626
v -1.97031 1.20409 0.976438
v -2.50149 1.5287 0.969547
v -2.14025 -2.45501 0.974149
v -2.25816 -2.59025 0.972614
v -1.79877 -0.139019 0.978544
v -2.80873 -0.217074 0.965373
v -1.96019 1.34301 0.97642
v -2.48445 1.7022 0.969577
v -1.79627 -1.36831 0.978535
v -2.8021 -2.1345 0.965395
v -1.95578 1.25715 0.976411
v -2.47703 1.5922 0.969591
v -1.95213 -2.20708 0.976404
v -2.47091 -2.79362 0.969602
v -1.95195 1.32656 0.976404
v -2.47061 1.67904 0.969602
v -1.87975 0.93993 0.977341
v -2.59438 1.29726 0.967965
v -1.95006 1.29796 0.9764
v -2.46744 1.64234 0.969608
v -2.55597 -2.63829 0.968059
v -1.86071 -1.92064 0.977292
v -2.15081 1.51465 0.973402
v -2.15081 1.51465 0.973402
v -1.76596 0.0630919 0.978427
v -2.72276 0.0972757 0.965654
v -2.24487 -2.65943 0.971829
v -2.02245 -2.39594 0.974819
v -2.18399 1.55474 0.972645
v -2.07418 1.47657 0.974121
v -1.75347 -1.49926 0.978383
v -2.69061 -2.30055 0.965759
v -1.82874 -1.97876 0.977209
v -2.49229 -2.69674 0.968213
v -1.94955 1.36021 0.975513
v -2.28714 1.59575 0.970926
v -1.8169 1.16922 0.977179
v -1.8169 -2.01957 0.977179
v -2.46897 -2.74437 0.96827
v -2.46897 1.58884 0.96827
v -2.46311 -2.78638 0.968284
v -1.81392 -2.05199 0.977171
v -1.72803 0.270463 0.978292
v -2.62607 0.411019 0.96597
v -1.86635 1.21329 0.976243
v -2.32911 1.51412 0.969856
v -1.80063 -2.08602 0.977137
v -2.43712 -2.82339 0.968347
v -1.80022 1.22156 0.977136
v -2.43633 1.6532 0.968349
v -1.96216 1.44232 0.974768
v -2.16933 1.5946 0.971892
v -1.84996 -2.25003 0.976212
v -2.30247 -2.80039 0.969904
v -1.70626 -1.61698 0.978215
v -2.57179 -2.43723 0.966148
v -1.78259 1.263 0.97709
v -2.40212 1.70195 0.968432
v -2.28585 1.58516 0.969934
v -1.83969 1.27577 0.976193
v -1.77041 -2.12258 0.977059
v -2.37865 -2.85181 0.968489
v -1.76502 1.29335 0.977045
v -2.36832 1.73543 0.968514
v -1.68579 0.482953 0.978142
v -2.52159 0.722395 0.966312
v -2.18092 -2.72708 0.971062
v -1.87421 -2.34356 0.975413
v -1.74855 1.31242 0.977002
v -2.33688 1.75401 0.96859
v -1.73421 1.31999 0.976965
v -2.30974 1.75805 0.968656
v -1.65837 -1.721 0.978044
v -2.45549 -2.54823 0.966528
v -1.73152 1.17961 0.976958
v -2.30466 1.57006 0.968669
v -1.72307 1.31587 0.976936
v -2.28877 1.74788 0.968707
v -1.71938 1.23182 0.976927
v -2.28185 1.63478 0.968724
v -2.27614 -2.8681 0.968738
v -1.71634 -2.16271 0.976919
v -1.71619 1.29989 0.976919
v -2.27586 1.7238 0.968739
v -1.71461 1.2719 0.976915
v -2.27291 1.68605 0.968746
v -2.10616 1.63351 0.971158
v -1.82045 1.41191 0.975342
v -1.64007 0.700312 0.977979
v -2.41212 1.02998 0.96667
v -1.7659 1.3324 0.976054
v -2.16803 1.63582 0.970146
v -1.93886 1.55481 0.973402
v -1.93886 1.55481 0.973402
v -1.87579 1.52023 0.974038
v -1.96311 1.591 0.972736
v -2.35077 -2.63749 0.966871
v -1.61375 -1.81058 0.977885
v -1.90951 -2.542 0.973402
v -1.90951 -2.542 0.973402
v -1.93263 -2.60005 0.972749
v -1.84822 -2.48649 0.974027
v -1.59172 0.92217 0.977807
v -2.3003 1.33269 0.967036
v -1.48794 -0.878766 0.979199
v -2.50246 -1.47793 0.963652
v -2.50246 -1.47793 0.963652
v -1.48794 -0.878766 0.979199
v -2.066 -2.79169 0.970329
v -1.70053 -2.29786 0.975932
v -1.64461 1.19018 0.976734
v -2.14419 1.55172 0.969058
v -2.49203 -1.17613 0.963699
v -1.48466 -0.700696 0.979183
v -2.26604 -2.70907 0.967148
v -1.57657 -1.88479 0.977753
v -1.78051 1.48896 0.974613
v -1.94529 1.62676 0.972079
v -1.4816 -1.04732 0.979167
v -2.48234 -1.75472 0.963743
v -1.47525 -0.517793 0.979135
v -2.46232 -0.864243 0.963834
v -1.63089 -2.20763 0.976698
v -2.11946 -2.86897 0.969118
v -2.10403 1.62364 0.969155
v -1.62229 1.25189 0.976676
v -1.91449 -2.65736 0.972104
v -1.75519 -2.43625 0.974592
v -1.46432 -1.20224 0.979078
v -2.42822 -1.99363 0.963989
v -2.2093 -2.76693 0.967334
v -1.5511 -1.9426 0.977662
v -1.46032 -0.32981 0.979058
v -2.41586 -0.545619 0.964045
v -1.54167 -1.98295 0.977629
v -2.18855 -2.815 0.967402
v -1.54167 1.14803 0.977629
v -1.54167 -1.98295 0.977629
v -2.18855 -2.815 0.967402
v -2.18855 1.62974 0.967402
v -1.65381 1.38533 0.975844
v -1.99435 1.67059 0.970457
v -2.18334 -2.85789 0.967419
v -1.53929 -2.01486 0.97762
v -1.52869 -2.04861 0.977583
v -2.16022 -2.89494 0.967494
v -1.52837 1.19966 0.977581
v -2.15952 1.69508 0.967497
v -1.44044 -0.136574 0.978956
v -2.35528 -0.223315 0.96432
v -1.43859 -1.34429 0.978947
v -2.34973 -2.19569 0.964345
v -1.51431 1.24063 0.977531
v -2.12912 1.74433 0.967596
v -1.65791 1.46104 0.975127
v -1.88531 1.66144 0.971441
v -1.50458 -2.0853 0.977497
v -2.10828 -2.922 0.967664
v -1.56041 1.30868 0.976516
v -1.99487 1.67305 0.96942
v -1.50029 1.27072 0.977481
v -2.09911 1.77792 0.967694
v -1.41619 0.0620074 0.978832
v -2.28326 0.0999717 0.964647
v -1.63519 -2.39137 0.975097
v -1.85504 -2.71289 0.971479
v -2.25636 -2.36342 0.964769
v -1.40696 -1.47371 0.978785
v -1.48714 1.28972 0.977435
v -2.07122 1.79627 0.967785
v -1.47569 1.29739 0.977394
v -2.04715 1.79981 0.967864
v -1.47354 1.15945 0.977386
v -2.04265 1.60726 0.967879
v -2.20242 0.421933 0.965014
v -1.38814 0.265937 0.978689
v -1.46679 1.29352 0.977362
v -2.02857 1.78894 0.967925
v -1.70144 1.59204 0.973402
v -1.70144 1.59204 0.973402
v -1.46384 1.21095 0.977352
v -2.02244 1.67305 0.967945
v -2.01739 -2.93503 0.967962
v -1.46141 -2.12615 0.977343
v -2.01714 1.76402 0.967962
v -1.46129 1.27792 0.977343
v -1.46003 1.25043 0.977338
v -2.01453 1.72533 0.967971
v -1.65215 1.56184 0.973944
v -1.7173 1.62344 0.972838
v -1.9006 -2.85158 0.969649
v -1.50552 -2.25881 0.976375
v -2.15712 -2.50036 0.965219
v -1.37203 -1.59034 0.978606
v -2.11527 0.740672 0.965409
v -1.35687 0.475115 0.978529
v -1.51216 1.43654 0.975578
v -1.7835 1.69431 0.970836
v -1.57456 1.53435 0.974438
v -1.6976 1.65424 0.972285
v -1.46621 1.36259 0.976273
v -1.83455 1.7049 0.96981
v -1.33655 -1.69364 0.978425
v -2.06025 -2.61069 0.965659
v -1.40404 1.1711 0.977139
v -1.90073 1.58539 0.968343
v -1.75471 -2.76548 0.970888
v -1.49232 -2.35194 0.97554
v -1.32298 0.68933 0.978356
v -2.02419 1.05469 0.965823
v -1.39305 -2.17261 0.9771
v -1.8789 -2.93034 0.968415
v -1.86529 1.65806 0.968459
v -1.38616 1.23216 0.977075
v -1.97325 -2.69884 0.966054
v -1.30346 -1.78276 0.978256
v -1.47269 1.50967 0.974882
v -1.64268 1.68392 0.971751
v -1.28711 0.908245 0.978172
v -1.9314 1.36288 0.966244
v -1.90301 -2.76935 0.966373
v -1.27585 -1.85668 0.978115
v -1.33657 1.28905 0.976899
v -1.76916 1.70626 0.968774
v -1.50256 -2.55805 0.973402
v -1.85606 -2.82664 0.966586
v -1.25693 -1.91421 0.978018
v -1.24992 -1.9542 0.977982
v -1.8389 -2.87505 0.966664
v -1.8389 1.6645 0.966664
v -1.8389 -2.87505 0.966664
v -1.24992 1.13138 0.977982
v -1.24992 -1.9542 0.977982
v -1.46365 -2.51657 0.973866
v -1.51271 -2.60092 0.972923
v -1.83459 -2.91867 0.966683
v -1.24815 -1.9857 0.977973
v -1.34679 1.41549 0.975965
v -1.64085 1.72456 0.97028
v -1.24028 -2.01923 0.977933
v -1.81549 -2.95571 0.96677
v -1.24004 1.18246 0.977932
v -1.81491 1.73065 0.966773
v -1.2925 -2.22645 0.976742
v -1.68634 -2.90488 0.969045
v -1.61447 -2.81383 0.970344
v -1.33003 -2.31807 0.975921
v -1.22958 1.22305 0.977878
v -1.78981 1.78031 0.966886
v -1.45423 1.62927 0.973402
v -1.45423 1.62927 0.973402
v -1.22235 -2.056 0.977841
v -1.77261 -2.98154 0.966964
v -1.4 -2.47861 0.97429
v -1.49272 -2.64275 0.972455
v -1.35002 1.48789 0.975273
v -1.55325 1.71187 0.971249
v -1.76504 1.81395 0.966999
v -1.21915 1.25293 0.977825
v -1.41768 1.60395 0.973846
v -1.46316 1.65541 0.972943
v -1.20936 1.27187 0.977775
v -1.74204 1.83208 0.967103
v -1.26091 1.34373 0.976629
v -1.62842 1.73538 0.969234
v -1.20084 1.27961 0.977731
v -1.72221 1.83518 0.967193
v -1.19924 1.14359 0.977723
v -1.7185 1.63876 0.96721
v -1.19421 1.27593 0.977697
v -1.7069 1.82371 0.967263
v -1.19202 1.19453 0.977686
v -1.70185 1.70544 0.967286
v -1.1902 -2.09738 0.977677
v -1.6977 -2.99168 0.967305
v -1.69749 1.79807 0.967305
v -1.19011 1.26063 0.977676
v -1.3573 1.58074 0.974254
v -1.44328 1.68088 0.972496
v -1.18917 1.23353 0.977671
v -1.69534 1.75857 0.967315
v -1.09822 -0.866933 0.979506
v -1.09822 -0.866933 0.979506
v -1.91621 -1.51266 0.962751
v -1.91621 -1.51266 0.962751
v -1.09609 -0.691288 0.979489
v -1.90845 -1.20363 0.962804
v -1.09412 -1.03329 0.979473
v -1.90125 -1.79555 0.962853
v -1.09 -0.510898 0.979439
v -1.88636 -0.884161 0.962954
v -1.44319 -2.68282 0.972007
v -1.31492 -2.44436 0.974673
v -1.08292 -1.18638 0.979381
v -1.86102 -2.03882 0.963127
v -1.08033 -0.325476 0.97936
v -1.85183 -0.55791 0.96319
v -1.06745 -0.134811 0.979254
v -1.80687 -0.228194 0.963496
v -1.06625 -1.32696 0.979244
v -1.80274 -2.24353 0.963525
v -1.14745 1.15607 0.977458
v -1.60177 1.6138 0.96774
v -1.27621 1.55978 0.974622
v -1.39522 1.70524 0.972068
v -1.13925 -2.14501 0.977416
v -1.58385 -2.98211 0.967821
v -1.57268 1.68709 0.967872
v -1.13411 1.21661 0.97739
v -1.05173 0.0612246 0.979125
v -1.75348 0.102076 0.96386
v -1.20957 1.46911 0.97561
v -1.43048 1.73743 0.97079
v -1.04574 -1.45527 0.979076
v -1.73357 -2.41245 0.963996
v -1.16475 1.39798 0.976287
v -1.45911 1.75129 0.969788
v -1.03353 0.262667 0.978976
v -1.69366 0.430434 0.964269
v -1.2113 -2.41402 0.975012
v -1.36501 -2.72035 0.971587
v -1.43612 -2.85654 0.969863
v -1.15122 -2.28986 0.976239
v -1.02307 -1.57109 0.97889
v -1.66019 -2.54948 0.964497
v -1.09708 1.27355 0.9772
v -1.4939 1.7342 0.96823
v -1.01323 0.469448 0.978809
v -1.62929 0.754878 0.964707
v -1.17718 1.54119 0.974948
v -1.31989 1.72803 0.971668
v -1.00003 -1.67384 0.978701
v -1.58872 -2.65916 0.964984
v -1.06414 -2.20087 0.977032
v -1.42617 -2.94962 0.968537
v -1.21289 1.66944 0.973402
v -1.21289 1.66944 0.973402
v -0.991219 0.681383 0.978628
v -1.56215 1.07386 0.965165
v -1.21683 1.69027 0.973045
v -1.1872 1.64912 0.97375
v -0.978528 -1.76262 0.978524
v -1.52466 -2.74636 0.965421
v -1.37888 1.76092 0.968752
v -1.04051 1.3288 0.976911
v -0.967894 0.898157 0.978437
v -1.49388 1.38625 0.965631
v -1.14238 1.63037 0.974071
v -1.19848 1.71043 0.9727
v -1.09171 -2.38774 0.975306
v -1.2594 -2.75451 0.971205
v -0.960572 -1.8363 0.978377
v -1.47303 -2.81595 0.965773
v -1.05389 1.45342 0.975892
v -1.27613 1.7599 0.970387
v -0.948259 -1.89363 0.978276
v -1.43856 -2.87274 0.966008
v -1.42597 -2.92139 0.966094
v -0.943695 1.11931 0.978238
v -0.943695 -1.93336 0.978238
v -0.943695 -1.93336 0.978238
v -1.42597 -2.92139 0.966094
v -1.42597 1.69133 0.966094
v -1.06266 1.52508 0.975231
v -1.21851 1.74875 0.971305
v -1.42281 -2.96559 0.966115
v -0.942543 -1.96456 0.978229
v -1.4088 -3.0026 0.966211
v -0.937412 -1.99792 0.978187
v -0.937257 1.16999 0.978186
v -1.40838 1.75809 0.966214
v -1.08073 1.61334 0.974363
v -1.1586 1.72959 0.972372
v -0.930445 1.2103 0.97813
v -1.38998 1.80805 0.966339
v -1.37738 -3.02743 0.966425
v -0.925734 -2.03473 0.978091
v -0.923651 1.24002 0.978074
v -1.37184 1.84172 0.966463
v -0.917273 1.25891 0.978022
v -1.355 1.85966 0.966578
v -0.968442 1.38408 0.976543
v -1.24099 1.7736 0.969378
v -0.911719 1.2667 0.977976
v -1.34048 1.86241 0.966677
v -0.910676 1.13207 0.977967
v -1.33777 1.663 0.966695
v -0.907399 1.26316 0.97794
v -1.32929 1.85046 0.966753
v -0.905969 1.1826 0.977929
v -1.3256 1.73036 0.966778
v -1.32256 -3.03526 0.966799
v -0.904787 -2.07648 0.977919
v -0.904728 1.24807 0.977919
v -1.3224 1.82425 0.9668
v -1.22231 -2.89216 0.969462
v -0.958296 -2.26747 0.976491
v -0.904116 1.22125 0.977914
v -1.32083 1.78414 0.966811
v -1.09814 1.7474 0.972066
v -1.00434 1.59814 0.974623
v -0.958375 -2.36572 0.975552
v -1.12799 -2.78441 0.970871
v -0.876895 1.14513 0.97769
v -1.25248 1.63561 0.967277
v -1.23941 -3.02181 0.967366
v -0.871547 -2.12492 0.977646
v -0.86819 1.20529 0.977619
v -1.23127 1.70934 0.967422
v -0.934786 1.51156 0.975468
v -1.09268 1.76687 0.970987
v -0.993108 1.71549 0.973402
v -0.993108 1.71549 0.973402
v -0.988332 -2.56821 0.973402
v -0.988332 -2.56821 0.973402
v -0.975931 1.6999 0.973662
v -0.993995 1.73136 0.973137
v -0.844004 1.26226 0.97742
v -1.17386 1.75558 0.967813
v -0.971326 -2.54505 0.97366
v -0.989169 -2.5918 0.973139
v -0.885161 1.44093 0.976117
v -1.09257 1.77857 0.970051
v -0.915106 1.58492 0.97485
v -1.01821 1.76349 0.971791
v -0.944182 1.68544 0.973903
v -0.978462 1.74663 0.972883
v -0.939848 -2.52355 0.973899
v -0.973711 -2.61448 0.972887
v -1.12458 -2.98379 0.968149
v -0.822471 -2.18222 0.977243
v -0.93955 2.38366 0.973402
v -0.93955 2.38366 0.973402
v -0.939224 2.45934 0.973402
v -0.939224 2.45934 0.973402
v -0.924258 2.36373 0.973641
v -0.939975 2.40392 0.973159
v -0.923943 2.43879 0.973641
v -0.939647 2.48024 0.973159
v -0.807013 1.31791 0.977117
v -1.09022 1.78042 0.968384
v -0.899468 1.67222 0.974123
v -0.947248 1.76105 0.972642
v -0.895496 -2.50391 0.974118
v -0.942699 -2.6359 0.972648
v -0.895612 2.34524 0.973863
v -0.925445 2.42336 0.972926
v -0.895317 2.41972 0.973863
v -0.925126 2.50028 0.972926
v -0.694344 -0.859715 0.979694
v -1.23985 -1.53515 0.962167
v -1.23985 -1.53515 0.962167
v -0.693381 -0.685548 0.979676
v -1.23539 -1.22143 0.962224
v -0.692485 -1.02473 0.979659
v -1.23124 -1.82199 0.962276
v -0.813221 -2.34814 0.975749
v -0.972882 -2.80916 0.970594
v -0.885013 2.29622 0.973402
v -0.885013 2.29622 0.973402
v -0.69062 -0.506691 0.979625
v -1.22268 -0.897051 0.962385
v -0.871548 2.2788 0.973619
v -0.884975 2.3139 0.973182
v -0.687409 -1.17671 0.979565
v -1.20811 -2.06804 0.96257
v -0.855035 2.32834 0.974066
v -0.896652 2.44166 0.972706
v -0.854766 2.40229 0.974065
v -0.896348 2.51916 0.972706
v -0.686234 -0.322831 0.979544
v -1.20283 -0.565858 0.962637
v -0.84329 1.66038 0.974321
v -0.901192 1.77438 0.97242
v -0.839751 -2.4863 0.974314
v -0.896964 -2.6557 0.972428
v -0.814722 1.57377 0.975041
v -0.920184 1.77749 0.971551
v -0.79543 1.50076 0.975658
v -0.944408 1.78185 0.970724
v -0.680393 -0.133735 0.979436
v -1.177 -0.231346 0.962965
v -0.67985 -1.31639 0.979425
v -1.17463 -2.27443 0.962995
v -0.759819 1.37392 0.976729
v -0.990239 1.79057 0.969065
v -0.85856 2.51886 0.973402
v -0.85856 2.51886 0.973402
v -0.845904 2.26261 0.973821
v -0.871413 2.33084 0.972971
v -0.845953 2.50069 0.973608
v -0.858335 2.53729 0.973193
v -0.976713 -2.91924 0.969158
v -0.753169 -2.2511 0.976675
v -0.673262 0.0607464 0.979304
v -1.14636 0.103433 0.963353
v -0.670544 -1.444 0.979253
v -1.13494 -2.44407 0.963498
v -0.821749 2.48379 0.9738
v -0.845281 2.55492 0.972992
v -0.665004 0.260669 0.979151
v -1.11207 0.43591 0.963788
v -0.803857 2.31319 0.974247
v -0.85437 2.45855 0.972503
v -0.803621 2.38667 0.974247
v -0.854092 2.53657 0.972504
v -0.80935 2.24779 0.974005
v -0.844987 2.34677 0.972772
v -0.660255 -1.55932 0.979063
v -1.0929 -2.58109 0.964032
v -1.07521 0.764014 0.964256
v -0.655786 0.465983 0.97898
v -0.810554 1.77035 0.973402
v -0.777031 1.65002 0.974493
v -0.841243 1.78637 0.97222
v -0.799442 1.75883 0.973588
v -0.809982 1.78202 0.973213
v -0.77399 -2.4709 0.974486
v -0.837452 -2.6735 0.972229
v -0.649791 -1.66173 0.978869
v -1.052 -2.69031 0.964551
v -0.787138 2.46833 0.973976
v -0.820039 2.5715 0.972804
v -0.801083 2.20143 0.973402
v -0.801083 2.20143 0.973402
v -0.645786 0.67652 0.978795
v -1.03682 1.08616 0.964743
v -0.790271 2.18736 0.973585
v -0.800505 2.21568 0.973217
v -0.77773 1.74809 0.973762
v -0.797793 1.79319 0.973033
v -1.01539 -2.77684 0.965015
v -0.64002 -1.75029 0.978688
v -0.763077 2.2345 0.974171
v -0.806428 2.36144 0.97259
v -0.70518 1.43178 0.976281
v -0.882948 1.79271 0.969797
v -0.769114 2.17425 0.973755
v -0.788588 2.2293 0.97304
v -0.635186 0.89198 0.978599
v -0.997823 1.40123 0.965238
v -0.743311 2.29994 0.974406
v -0.799465 2.47369 0.972322
v -0.743112 2.37301 0.974406
v -0.79922 2.55219 0.972322
v -0.631857 -1.82382 0.978537
v -0.985921 -2.84581 0.965389
v -0.743247 2.45443 0.974133
v -0.783315 2.58675 0.972631
v -0.77461 1.80368 0.972863
v -0.746502 1.73823 0.973921
v -0.626257 -1.88102 0.978434
v -0.966259 -2.90225 0.965638
v -0.959083 -2.95106 0.965729
v -0.624182 1.11191 0.978395
v -0.624182 -1.92058 0.978395
v -0.624182 -1.92058 0.978395
v -0.959083 -2.95106 0.965729
v -0.959083 1.70851 0.965729
v -0.957282 -2.99561 0.965752
v -0.623659 -1.9516 0.978386
v -0.738654 2.16222 0.973911
v -0.765934 2.24208 0.972874
v -0.80566 1.78902 0.971353
v -0.704708 1.56485 0.975194
v -0.9493 -3.03259 0.965854
v -0.621325 -1.98486 0.978342
v -0.621254 1.16234 0.978341
v -0.949058 1.77565 0.965857
v -0.618154 1.20248 0.978284
v -0.938573 1.82578 0.96599
v -0.931397 -3.05676 0.966081
v -0.616011 -2.02169 0.978244
v -0.615063 1.2321 0.978227
v -0.928241 1.85947 0.966121
v -0.612161 1.25096 0.978173
v -0.918655 1.87728 0.966242
v -0.701967 1.64126 0.97464
v -0.76847 1.79675 0.972047
v -0.7082 2.22285 0.974316
v -0.756543 2.37459 0.972426
v -0.699478 -2.45788 0.974631
v -0.765227 -2.68891 0.972058
v -0.609633 1.25878 0.978126
v -0.910392 1.87979 0.966347
v -0.609158 1.12501 0.978117
v -0.908849 1.67849 0.966367
v -0.607667 1.25532 0.97809
v -0.904021 1.86753 0.966428
v -0.607015 1.17528 0.978078
v -0.901921 1.74627 0.966455
v -0.900189 -3.06307 0.966477
v -0.606477 -2.06366 0.978068
v -0.900103 1.84097 0.966478
v -0.60645 1.24036 0.978067
v -0.606172 1.21372 0.978062
v -0.899209 1.80046 0.966489
v -0.706789 1.72936 0.974064
v -0.741112 1.81334 0.972708
v -0.796674 -2.82785 0.970385
v -0.657893 -2.33524 0.975893
v -0.699878 2.15141 0.974052
v -0.733196 2.25383 0.972721
v -0.713235 2.1037 0.973402
v -0.713235 2.1037 0.973402
v -0.691129 2.44226 0.974272
v -0.735883 2.60041 0.972476
v -0.712308 2.11462 0.973253
v -0.704988 2.09289 0.973549
v -0.646185 1.49284 0.975797
v -0.776181 1.79316 0.970525
v -0.593776 1.13842 0.977833
v -0.86035 1.6495 0.966982
v -0.67454 2.28874 0.974541
v -0.732908 2.48678 0.972165
v -0.674381 2.36146 0.97454
v -0.732702 2.56568 0.972165
v -0.591339 -2.11259 0.977788
v -0.852922 -3.04711 0.967076
v -0.58981 1.19834 0.977759
v -0.848295 1.72352 0.967135
v -0.702314 2.12503 0.973112
v -0.688354 2.08279 0.973686
v -0.680905 1.83697 0.973402
v -0.680905 1.83697 0.973402
v -0.680905 1.83697 0.973402
v -0.680905 1.83697 0.973402
v -0.659558 1.72156 0.97419
v -0.698031 1.82199 0.972568
v -0.578788 1.25532 0.977555
v -0.81571 1.76918 0.967548
v -0.673541 1.8284 0.973535
v -0.679886 1.84563 0.973267
v -0.679886 1.84563 0.973267
v -0.673541 1.8284 0.973535
v -0.664144 2.07351 0.973812
v -0.683771 2.13479 0.972979
v -0.672087 2.5578 0.973402
v -0.672087 2.5578 0.973402
v -0.653717 2.14192 0.974175
v -0.691077 2.26434 0.972585
v -0.645759 2.213 0.974438
v -0.696224 2.38594 0.972284
v -0.664972 2.54614 0.973532
v -0.671089 2.56956 0.97327
v -0.658495 1.82038 0.97366
v -0.67061 1.85387 0.973139
v -0.67061 1.85387 0.973139
v -0.658495 1.82038 0.97366
v -0.787767 -3.00551 0.967903
v -0.56897 -2.17075 0.977374
v -0.650413 2.53525 0.973654
v -0.662089 2.58076 0.973145
v -0.63177 2.43196 0.974389
v -0.678592 2.6122 0.972342
v -0.684079 1.80526 0.971905
v -0.619264 1.63422 0.974757
v -0.561918 1.31121 0.977243
v -0.768297 1.79279 0.96815
v -0.617377 -2.44741 0.974747
v -0.681485 -2.70155 0.971917
v -0.646941 2.00744 0.973402
v -0.646941 2.00744 0.973402
v -0.633141 2.06514 0.973926
v -0.657236 2.14373 0.972858
v -0.63651 1.81299 0.973775
v -0.653574 1.8616 0.973019
v -0.653574 1.8616 0.973019
v -0.63651 1.81299 0.973775
v -0.645898 2.01593 0.973281
v -0.640486 1.99903 0.973522
v -0.629117 2.52522 0.973766
v -0.645562 2.59123 0.973028
v -0.637483 2.024 0.973166
v -0.627141 1.99116 0.973634
v -0.586411 1.55827 0.975306
v -0.676509 1.79769 0.971205
v -0.627673 1.91706 0.973402
v -0.627673 1.91706 0.973402
v -0.598601 2.27974 0.974649
v -0.655779 2.4975 0.972036
v -0.655617 2.57673 0.972037
v -0.598482 2.35218 0.974648
v -0.605725 1.71496 0.974297
v -0.646163 1.82945 0.972447
v -0.626614 1.92462 0.973289
v -0.621714 1.90957 0.973514
v -0.601046 2.13388 0.97428
v -0.640342 2.27339 0.972467
v -0.608298 1.80632 0.973879
v -0.629299 1.86868 0.972908
v -0.629299 1.86868 0.972908
v -0.608298 1.80632 0.973879
v -0.622148 2.03155 0.973059
v -0.607559 1.98391 0.973737
v -0.540375 1.36766 0.976845
v -0.711714 1.80131 0.968868
v -0.618671 1.93181 0.973182
v -0.609298 1.90254 0.973619
v -0.60176 2.51618 0.973867
v -0.622002 2.60082 0.972921
v -0.704068 -2.93638 0.968965
v -0.537337 -2.24102 0.976788
v -0.596084 2.05778 0.974026
v -0.623294 2.15172 0.972749
v -0.576718 2.20507 0.974537
v -0.62645 2.39522 0.972169
v -0.60427 1.93853 0.973082
v -0.591032 1.89607 0.973715
v -0.60036 2.03846 0.97296
v -0.582363 1.97736 0.973831
v -0.566089 2.42367 0.974483
v -0.612374 2.62183 0.972233
v -0.574543 1.80045 0.973971
v -0.598336 1.87501 0.97281
v -0.598336 1.87501 0.97281
v -0.574543 1.80045 0.973971
v -0.56899 2.50823 0.973956
v -0.591934 2.60937 0.972825
v -0.583861 1.94469 0.97299
v -0.567505 1.89021 0.973803
v -0.515404 1.42613 0.976382
v -0.651116 1.80164 0.969637
v -0.55368 2.05154 0.974111
v -0.582572 2.15859 0.972656
v -0.586371 1.83555 0.972349
v -0.546147 1.70963 0.974383
v -0.572616 2.04463 0.972872
v -0.55216 1.97159 0.973913
v -0.542692 2.1274 0.974364
v -0.58182 2.28079 0.972371
v -0.529995 1.62902 0.974844
v -0.589411 1.81165 0.971799
v -0.587556 -2.71103 0.971811
v -0.528748 -2.43968 0.974833
v -0.557911 1.95018 0.972908
v -0.539279 1.88505 0.97388
v -0.535899 1.79546 0.974048
v -0.561268 1.88045 0.972725
v -0.561268 1.88045 0.972725
v -0.535899 1.79546 0.974048
v -0.531429 2.50147 0.974032
v -0.555914 2.61672 0.972743
v -0.602477 -2.83963 0.970254
v -0.493769 -2.32727 0.975982
v -0.516462 2.27309 0.974728
v -0.569271 2.50552 0.97194
v -0.516386 2.34533 0.974728
v -0.569157 2.585 0.971941
v -0.488409 1.48793 0.975883
v -0.590935 1.80028 0.9704
v -0.517527 1.96668 0.973983
v -0.539433 2.04993 0.972797
v -0.50197 2.19922 0.97461
v -0.548294 2.40217 0.972082
v -0.506601 2.0465 0.97418
v -0.535736 2.16419 0.97258
v -0.526912 1.9549 0.972837
v -0.506902 1.88066 0.973945
v -0.494939 2.41754 0.974552
v -0.538238 2.62904 0.972151
v -0.492988 1.79143 0.974111
v -0.51871 1.88489 0.972656
v -0.492988 1.79143 0.974111
v -0.51871 1.88489 0.972656
v -0.48967 2.49602 0.974093
v -0.514524 2.62271 0.972676
v -0.481627 1.70569 0.974447
v -0.519582 1.84011 0.972275
v -0.479424 2.12262 0.974426
v -0.516399 2.28632 0.972299
v -0.461021 1.5542 0.975376
v -0.534862 1.80314 0.971112
v -0.479022 1.96272 0.974039
v -0.50136 2.05425 0.972735
v -0.470895 1.87712 0.973998
v -0.491373 1.95875 0.97278
v -0.455487 2.04277 0.97423
v -0.483495 2.16838 0.972523
v -0.435137 1.6258 0.974897
v -0.48595 1.81565 0.971732
v -0.446408 1.78844 0.974158
v -0.471311 1.88821 0.972604
v -0.446408 1.78844 0.974158
v -0.471311 1.88821 0.972604
v -0.484909 -2.71697 0.971745
v -0.434564 -2.43489 0.974887
v -0.44428 2.49199 0.974138
v -0.468383 2.62718 0.972626
v -0.429013 2.26897 0.974778
v -0.474689 2.51055 0.971879
v -0.428981 2.34108 0.974777
v -0.474627 2.59018 0.97188
v -0.437176 1.95979 0.974081
v -0.458967 2.05747 0.972689
v -0.422345 2.19558 0.974655
v -0.46292 2.40651 0.972028
v -0.431765 1.87449 0.974037
v -0.451835 1.96162 0.972737
v -0.419119 2.41374 0.974595
v -0.457285 2.63355 0.9721
v -0.41292 1.70324 0.974486
v -0.446792 1.84297 0.972229
v -0.411967 2.11964 0.974464
v -0.445034 2.28978 0.972254
v -0.400943 2.04045 0.974262
v -0.426594 2.171 0.972487
v -0.396727 1.78659 0.974186
v -0.419754 1.89029 0.972572
v -0.396727 1.78659 0.974186
v -0.419754 1.89029 0.972572
v -0.395799 2.48948 0.974166
v -0.418137 2.62998 0.972595
v -0.392501 1.95796 0.974107
v -0.412853 2.05949 0.97266
v -0.389996 1.87285 0.974062
v -0.408854 1.96341 0.97271
v -0.46 -2.78751 0.964873
v -0.469602 0.767216 0.964098
v -0.286809 0.674859 0.978852
v -0.277193 -1.17341 0.979628
v -0.276021 -1.02182 0.979723
v -0.441513 1.8468 0.966365
v -0.344489 1.78595 0.974196
v -0.450679 -3.0061 0.965625
v -0.302301 1.25295 0.977602
v -0.346056 1.87229 0.97407
v -0.410135 -2.94234 0.968898
v -0.299398 -2.10837 0.977836
v -0.441527 -3.07278 0.966364
v -0.472442 -2.59217 0.963869
v -0.479197 -2.45516 0.963323
v -0.278939 -1.31278 0.979487
v -0.495346 -1.22769 0.96202
v -0.493302 -0.901583 0.962185
v -0.277464 -0.321929 0.979606
v -0.28046 0.0605833 0.979365
v -0.475522 0.43783 0.96362
v -0.298834 1.13612 0.977881
v -0.29248 1.15972 0.978394
v -0.295772 1.17278 0.978129
v -0.293196 1.19981 0.978336
v -0.295967 1.21115 0.978113
v -0.295621 1.25264 0.978141
v -0.306205 1.30892 0.977287
v -0.345487 1.95734 0.974116
v -0.343544 2.03966 0.974273
v -0.323228 1.48625 0.975913
v -0.449399 -3.04307 0.965729
v -0.291323 -1.87672 0.978488
v -0.294582 1.24824 0.978225
v -0.311192 1.36551 0.976884
v -0.341003 2.11862 0.974478
v -0.339361 2.41243 0.97461
v -0.329576 1.5528 0.9754
v -0.344489 1.78595 0.974196
v -0.33861 2.19434 0.974671
v -0.344748 2.48862 0.974176
v -0.37514 -2.71903 0.971722
v -0.337083 2.33962 0.974794
v -0.354332 -2.57176 0.973402
v -0.335711 -2.43324 0.974905
v -0.37514 -2.71903 0.971722
v -0.321986 -2.32453 0.976013
v -0.393902 -2.84372 0.970208
v -0.311895 -2.23756 0.976827
v -0.410135 -2.94234 0.968898
v -0.304573 -2.16682 0.977418
v -0.304573 -2.16682 0.977418
v -0.423523 -3.01307 0.967817
v -0.423523 -3.01307 0.967817
v -0.299398 -2.10837 0.977836
v -0.433955 -3.05593 0.966975
v -0.295896 -2.05927 0.978119
v -0.441527 -3.07278 0.966364
v -0.293692 -2.01724 0.978297
v -0.293692 -2.01724 0.978297
v -0.446529 -3.067 0.96596
v -0.446529 -3.067 0.96596
v -0.292463 -1.98039 0.978396
v -0.449399 -3.04307 0.965729
v -0.291924 -1.94718 0.978439
v -0.450679 -3.0061 0.965625
v -0.291803 -1.91621 0.978449
v -0.291803 -1.91621 0.978449
v -0.450968 -2.96142 0.965602
v -0.450968 -2.96142 0.965602
v -0.291323 -1.87672 0.978488
v -0.452118 -2.91257 0.965509
v -0.290028 -1.81956 0.978592
v -0.290028 -1.81956 0.978592
v -0.455272 -2.85625 0.965255
v -0.455272 -2.85625 0.965255
v -0.288141 -1.74608 0.978745
v -0.46 -2.78751 0.964873
v -0.285883 -1.65759 0.978927
v -0.285883 -1.65759 0.978927
v -0.465876 -2.70122 0.964399
v -0.465876 -2.70122 0.964399
v -0.283465 -1.5553 0.979122
v -0.472442 -2.59217 0.963869
v -0.281088 -1.44016 0.979314
v -0.479197 -2.45516 0.963323
v -0.278939 -1.31278 0.979487
v -0.485576 -2.28528 0.962809
v -0.277193 -1.17341 0.979628
v -0.490958 -2.07831 0.962374
v -0.276021 -1.02182 0.979723
v -0.494679 -1.83128 0.962074
v -0.275591 -0.857254 0.979758
v -0.275591 -0.857254 0.979758
v -0.496064 -1.54306 0.961962
v -0.496064 -1.54306 0.961962
v -0.275813 -0.683591 0.97974
v -0.495346 -1.22769 0.96202
v -0.276451 -0.505256 0.979688
v -0.493302 -0.901583 0.962185
v -0.277464 -0.321929 0.979606
v -0.49011 -0.568651 0.962443
v -0.278813 -0.133368 0.979497
v -0.278813 -0.133368 0.979497
v -0.485956 -0.232453 0.962778
v -0.485956 -0.232453 0.962778
v -0.28046 0.0605833 0.979365
v -0.481032 0.10391 0.963175
v -0.282368 0.259987 0.97921
v -0.475522 0.43783 0.96362
v -0.284498 0.4648 0.979039
v -0.469602 0.767216 0.964098
v -0.286809 0.674859 0.978852
v -0.463438 1.09047 0.964595
v -0.289259 0.88987 0.978654
v -0.289259 0.88987 0.978654
v -0.457181 1.40646 0.9651
v -0.457181 1.40646 0.9651
v -0.291803 1.10939 0.978449
v -0.291803 1.10939 0.978449
v -0.295276 1.12259 0.978169
v -0.295276 1.12259 0.978169
v -0.298834 1.13612 0.977881
v -0.435144 1.65435 0.966879
v -0.442915 1.68389 0.966252
v -0.442915 1.68389 0.966252
v -0.450968 1.71451 0.965602
v -0.450968 1.71451 0.965602
v -0.29248 1.15972 0.978394
v -0.295772 1.17278 0.978129
v -0.441804 1.75182 0.966342
v -0.44936 1.78178 0.965732
v -0.299751 1.19597 0.977807
v -0.299751 1.19597 0.977807
v -0.433214 1.72846 0.967035
v -0.433214 1.72846 0.967035
v -0.293196 1.19981 0.978336
v -0.295967 1.21115 0.978113
v -0.44137 1.80616 0.966377
v -0.447679 1.83198 0.965867
v -0.302301 1.25295 0.977602
v -0.427996 1.77391 0.967456
v -0.293911 1.2294 0.978279
v -0.295903 1.23773 0.978118
v -0.441513 1.8468 0.966365
v -0.446023 1.86566 0.966001
v -0.294582 1.24824 0.978225
v -0.295621 1.25264 0.978141
v -0.442141 1.8735 0.966314
v -0.444486 1.88343 0.966125
v -0.295167 1.25607 0.978177
v -0.295167 1.25607 0.978177
v -0.443162 1.88586 0.966232
v -0.443162 1.88586 0.966232
v -0.306205 1.30892 0.977287
v -0.420408 1.7971 0.968069
v -0.311192 1.36551 0.976884
v -0.411358 1.80504 0.968799
v -0.316974 1.42419 0.976417
v -0.316974 1.42419 0.976417
v -0.401671 1.80474 0.969581
v -0.401671 1.80474 0.969581
v -0.323228 1.48625 0.975913
v -0.392059 1.80275 0.970357
v -0.329576 1.5528 0.9754
v -0.383109 1.80502 0.971079
v -0.335578 1.62469 0.974916
v -0.335578 1.62469 0.974916
v -0.375306 1.81703 0.971709
v -0.375306 1.81703 0.971709
v -0.340732 1.7024 0.9745
v -0.369063 1.84395 0.972213
v -0.344489 1.78595 0.974196
v -0.344489 1.78595 0.974196
v -0.364753 1.891 0.972561
v -0.364753 1.891 0.972561
v -0.346056 1.87229 0.97407
v -0.363013 1.96403 0.972701
v -0.345487 1.95734 0.974116
v -0.363641 2.06018 0.972651
v -0.343544 2.03966 0.974273
v -0.365818 2.1719 0.972475
v -0.341003 2.11862 0.974478
v -0.368744 2.29097 0.972239
v -0.33861 2.19434 0.974671
v -0.371584 2.40802 0.972009
v -0.337074 2.26756 0.974795
v -0.337074 2.26756 0.974795
v -0.373452 2.51228 0.971859
v -0.373452 2.51228 0.971859
v -0.337083 2.33962 0.974794
v -0.373441 2.59197 0.97186
v -0.339361 2.41243 0.97461
v -0.370684 2.6351 0.972082
v -0.344748 2.48862 0.974176
v -0.364464 2.63094 0.972584
v -0.354332 2.57176 0.973402
v -0.335711 -2.43324 0.974905
v -0.373441 2.59197 0.97186
v -0.383109 1.80502 0.971079
v -0.364753 1.891 0.972561
v -0.371584 2.40802 0.972009
v -0.364464 2.63094 0.972584
v -0.370684 2.6351 0.972082
v -0.292463 -1.98039 0.978396
v -0.452118 -2.91257 0.965509
v -0.444486 1.88343 0.966125
v -0.411358 1.80504 0.968799
v -0.368744 2.29097 0.972239
v -0.392059 1.80275 0.970357
v -0.365818 2.1719 0.972475
v -0.311895 -2.23756 0.976827
v -0.433955 -3.05593 0.966975
v -0.295896 -2.05927 0.978119
v -0.283465 -1.5553 0.979122
v -0.281088 -1.44016 0.979314
v -0.485576 -2.28528 0.962809
v -0.275813 -0.683591 0.97974
v -0.276451 -0.505256 0.979688
v -0.49011 -0.568651 0.962443
v -0.481032 0.10391 0.963175
v -0.282368 0.259987 0.97921
v -0.435144 1.65435 0.966879
v -0.441804 1.75182 0.966342
v -0.44936 1.78178 0.965732
v -0.44137 1.80616 0.966377
v -0.447679 1.83198 0.965867
v -0.442141 1.8735 0.966314
v -0.420408 1.7971 0.968069
v -0.363641 2.06018 0.972651
v -0.363013 1.96403 0.972701
v -0.291924 -1.94718 0.978439
v -0.427996 1.77391 0.967456
v -0.490958 -2.07831 0.962374
v -0.494679 -1.83128 0.962074
v -0.295903 1.23773 0.978118
v -0.364753 1.891 0.972561
v -0.288141 -1.74608 0.978745
v -0.284498 0.4648 0.979039
v -0.463438 1.09047 0.964595
v -0.302324 1.87285 0.974062
v -0.316942 1.96341 0.97271
v -0.298695 1.95796 0.974107
v -0.314184 2.05949 0.97266
v -0.293935 2.48948 0.974166
v -0.310524 2.62998 0.972595
v -0.292498 1.78659 0.974186
v -0.309476 1.89029 0.972572
v -0.292498 1.78659 0.974186
v -0.309476 1.89029 0.972572
v -0.286414 2.04045 0.974262
v -0.304738 2.171 0.972487
v -0.270368 2.11964 0.974464
v -0.29207 2.28978 0.972254
v -0.268881 1.70324 0.974486
v -0.290938 1.84297 0.972229
v -0.259971 2.41374 0.974595
v -0.283645 2.63355 0.9721
v -0.261159 1.87449 0.974037
v -0.273299 1.96162 0.972737
v -0.255261 2.19558 0.974655
v -0.279784 2.40651 0.972028
v -0.254664 1.95979 0.974081
v -0.267358 2.05747 0.972689
v -0.245605 2.34108 0.974777
v -0.271739 2.59018 0.97188
v -0.245555 2.26897 0.974778
v -0.271699 2.51055 0.971879
v -0.246149 2.49199 0.974138
v -0.259503 2.62718 0.972626
v -0.264804 -2.71697 0.971745
v -0.237311 -2.43489 0.974887
v -0.243533 1.78844 0.974158
v -0.257119 1.88821 0.972604
v -0.243533 1.78844 0.974158
v -0.257119 1.88821 0.972604
v -0.236476 1.6258 0.974897
v -0.26409 1.81565 0.971732
v -0.232651 2.04277 0.97423
v -0.246956 2.16838 0.972523
v -0.223001 1.87712 0.973998
v -0.232699 1.95875 0.97278
v -0.213854 1.96272 0.974039
v -0.223827 2.05425 0.972735
v -0.198725 1.5542 0.975376
v -0.230554 1.80314 0.971112
v -0.203868 2.12262 0.974426
v -0.219591 2.28632 0.972299
v -0.201153 1.70569 0.974447
v -0.217005 1.84011 0.972275
v -0.201878 2.49602 0.974093
v -0.212124 2.62271 0.972676
v -0.198105 1.79143 0.974111
v -0.208441 1.88489 0.972656
v -0.198105 1.79143 0.974111
v -0.208441 1.88489 0.972656
v -0.185219 2.41754 0.974552
v -0.201423 2.62904 0.972151
v -0.195738 1.9549 0.972837
v -0.188305 1.88066 0.973945
v -0.182793 2.0465 0.97418
v -0.193305 2.16419 0.97258
v -0.176757 2.19922 0.97461
v -0.193068 2.40217 0.972082
v -0.176747 1.96668 0.973983
v -0.184229 2.04993 0.972797
v -0.158779 1.48793 0.975883
v -0.192109 1.80028 0.9704
v -0.159424 2.34533 0.974728
v -0.175716 2.585 0.971941
v -0.159331 2.27309 0.974728
v -0.175624 2.50552 0.97194
v -0.184196 -2.83963 0.970254
v -0.15096 -2.32727 0.975982
v -0.161628 2.50147 0.974032
v -0.169074 2.61672 0.972743
v -0.164169 1.88045 0.972725
v -0.156749 1.79546 0.974048
v -0.156749 1.79546 0.974048
v -0.164169 1.88045 0.972725
v -0.162994 1.95018 0.972908
v -0.157551 1.88505 0.97388
v -0.160517 -2.71103 0.971811
v -0.144451 -2.43968 0.974833
v -0.14295 1.62902 0.974844
v -0.158975 1.81165 0.971799
v -0.142143 2.1274 0.974364
v -0.152391 2.28079 0.972371
v -0.149174 2.04463 0.972872
v -0.143845 1.97159 0.973913
v -0.148389 1.83555 0.972349
v -0.13821 1.70963 0.974383
v -0.137411 2.05154 0.974111
v -0.144581 2.15859 0.972656
v -0.119406 1.42613 0.976382
v -0.150847 1.80164 0.969637
v -0.135015 1.94469 0.97299
v -0.131232 1.89021 0.973803
v -0.125939 2.50823 0.973956
v -0.131018 2.60937 0.972825
v -0.125001 1.87501 0.97281
v -0.12003 1.80045 0.973971
v -0.12003 1.80045 0.973971
v -0.125001 1.87501 0.97281
v -0.115793 2.42367 0.974483
v -0.12526 2.62183 0.972233
v -0.119253 2.03846 0.97296
v -0.115679 1.97736 0.973831
v -0.112329 1.93853 0.973082
v -0.109869 1.89607 0.973715
v -0.103816 2.20507 0.974537
v -0.112768 2.39522 0.972169
v -0.0971112 2.05778 0.974026
v -0.101544 2.15172 0.972749
v -0.114541 -2.93638 0.968965
v -0.0874166 -2.24102 0.976788
v -0.0953722 2.51618 0.973867
v -0.0985803 2.60082 0.972921
v -0.0954428 1.93181 0.973182
v -0.0939969 1.90254 0.973619
v -0.082986 1.36766 0.976845
v -0.109299 1.80131 0.968868
v -0.0950236 2.03155 0.973059
v -0.0927954 1.98391 0.973737
v -0.0915971 1.86868 0.972908
v -0.0885403 1.80632 0.973879
v -0.0885403 1.80632 0.973879
v -0.0915971 1.86868 0.972908
v -0.0858728 2.13388 0.97428
v -0.0914871 2.27339 0.972467
v -0.084842 1.92462 0.973289
v -0.0841785 1.90957 0.973514
v -0.0807637 1.71496 0.974297
v -0.0861555 1.82945 0.972447
v -0.086873 2.57673 0.972037
v -0.0793024 2.35218 0.974648
v -0.0791677 2.27974 0.974649
v -0.0867299 2.4975 0.972036
v -0.0809901 1.91706 0.973402
v -0.0809901 1.91706 0.973402
v -0.075062 1.55827 0.975306
v -0.0865947 1.79769 0.971205
v -0.0770235 2.024 0.973166
v -0.0757739 1.99116 0.973634
v -0.0705199 2.52522 0.973766
v -0.0723632 2.59123 0.973028
v -0.0657594 2.01593 0.973281
v -0.0652084 1.99903 0.973522
v -0.0645884 1.8616 0.973019
v -0.062902 1.81299 0.973775
v -0.062902 1.81299 0.973775
v -0.0645884 1.8616 0.973019
v -0.0625321 2.06514 0.973926
v -0.0649117 2.14373 0.972858
v -0.0617223 2.00744 0.973402
v -0.0617223 2.00744 0.973402
v -0.057954 -2.44741 0.974747
v -0.0639719 -2.70155 0.971917
v -0.0515651 1.31121 0.977243
v -0.0705037 1.79279 0.96815
v -0.0616704 1.80526 0.971905
v -0.0558273 1.63422 0.974757
v -0.0524449 2.43196 0.974389
v -0.0563318 2.6122 0.972342
v -0.0520014 2.53525 0.973654
v -0.0529349 2.58076 0.973145
v -0.0571549 -3.00551 0.967903
v -0.0412805 -2.17075 0.977374
v -0.044572 1.85387 0.973139
v -0.0437668 1.82038 0.97366
v -0.0437668 1.82038 0.97366
v -0.044572 1.85387 0.973139
v -0.0404617 2.54614 0.973532
v -0.0408339 2.56956 0.97327
v -0.0372209 2.213 0.974438
v -0.0401296 2.38594 0.972284
v -0.0357909 2.14192 0.974175
v -0.0378364 2.26434 0.972585
v -0.0365762 2.5578 0.973402
v -0.0365762 2.5578 0.973402
v -0.0343485 2.07351 0.973812
v -0.0353635 2.13479 0.972979
v -0.0321155 1.84563 0.973267
v -0.0318158 1.8284 0.973535
v -0.0318158 1.8284 0.973535
v -0.0321155 1.84563 0.973267
v -0.02696 1.25532 0.977555
v -0.0379958 1.76918 0.967548
v -0.0295756 1.72156 0.97419
v -0.0313008 1.82199 0.972568
v -0.0277587 1.83697 0.973402
v -0.0277587 1.83697 0.973402
v -0.0277587 1.83697 0.973402
v -0.0277587 1.83697 0.973402
v -0.0135352 2.12503 0.973112
v -0.0132662 2.08279 0.973686
v -0.0108845 1.19834 0.977759
v -0.0156547 1.72352 0.967135
v -0.0086543 -2.11259 0.977788
v -0.0124826 -3.04711 0.967076
v -0.00607871 2.36146 0.97454
v -0.0066044 2.56568 0.972165
v -0.00590453 2.28874 0.974541
v -0.00641545 2.48678 0.972165
v -0.00510012 1.13842 0.977833
v -0.00738981 1.6495 0.966982
v -0.00313443 1.49284 0.975797
v -0.003765 1.79316 0.970525
v -3.45105e-05 2.11462 0.973253
v -3.41559e-05 2.09289 0.973549
v 0.004015 2.44226 0.974272
v 0.004275 2.60041 0.972476
v 0.00457198 2.1037 0.973402
v 0.00457198 2.1037 0.973402
v 0.00731655 2.15141 0.974052
v 0.00766485 2.25383 0.972721
v 0.0132656 -2.82785 0.970385
v 0.0109547 -2.33524 0.975893
v 0.0145357 1.72936 0.974064
v 0.0152416 1.81334 0.972708
v 0.0129791 1.21372 0.978062
v 0.0192536 1.80046 0.966489
v 0.0198662 1.84097 0.966478
v 0.0133849 1.24036 0.978067
v 0.0199256 -3.06307 0.966477
v 0.0134243 -2.06366 0.978068
v 0.0142096 1.17528 0.978078
v 0.021113 1.74627 0.966455
v 0.0151594 1.25532 0.97809
v 0.0225525 1.86753 0.966428
v 0.0173347 1.12501 0.978117
v 0.0258629 1.67849 0.966367
v 0.0180276 1.25878 0.978126
v 0.0269214 1.87979 0.966347
v 0.0212592 -2.45788 0.974631
v 0.0232575 -2.68891 0.972058
v 0.0221787 2.22285 0.974316
v 0.0236927 2.37459 0.972426
v 0.0239674 1.64126 0.97464
v 0.0262381 1.79675 0.972047
v 0.0217145 1.25096 0.978173
v 0.0325864 1.87728 0.966242
v 0.0259468 1.2321 0.978227
v 0.0391585 1.85947 0.966121
v 0.0413228 -3.05676 0.966081
v 0.0273302 -2.02169 0.978244
v 0.030456 1.20248 0.978284
v 0.0462428 1.82578 0.96599
v 0.0349767 1.16234 0.978341
v 0.0534321 1.77565 0.965857
v 0.0535976 -3.03259 0.965854
v 0.0350801 -1.98486 0.978342
v 0.0462373 1.78902 0.971353
v 0.0404435 1.56485 0.975194
v 0.042611 2.16222 0.973911
v 0.0441847 2.24208 0.972874
v 0.0590708 -2.99561 0.965752
v 0.038484 -1.9516 0.978386
v 0.0392472 -1.92058 0.978395
v 0.0392472 1.11191 0.978395
v 0.0603051 -2.95106 0.965729
v 0.0603051 -2.95106 0.965729
v 0.0603051 1.70851 0.965729
v 0.0392472 -1.92058 0.978395
v 0.0422741 -1.88102 0.978434
v 0.0652253 -2.90225 0.965638
v 0.0526049 1.80368 0.972863
v 0.050696 1.73823 0.973921
v 0.0527084 2.45443 0.974133
v 0.0555499 2.58675 0.972631
v 0.0504411 -1.82382 0.978537
v 0.0787061 -2.84581 0.965389
v 0.0593241 2.37301 0.974406
v 0.0638033 2.55219 0.972322
v 0.0595357 2.29994 0.974406
v 0.0640334 2.47369 0.972322
v 0.0552965 0.89198 0.978599
v 0.0868661 1.40123 0.965238
v 0.0692011 2.17425 0.973755
v 0.0709532 2.2293 0.97304
v 0.0678559 1.43178 0.976281
v 0.0849616 1.79271 0.969797
v 0.0734615 2.2345 0.974171
v 0.0776349 2.36144 0.97259
v 0.0989144 -2.77684 0.965015
v 0.0623474 -1.75029 0.978688
v 0.0779772 1.74809 0.973762
v 0.0799888 1.79319 0.973033
v 0.0861379 2.18736 0.973585
v 0.0872533 2.21568 0.973217
v 0.0707577 0.67652 0.978795
v 0.113602 1.08616 0.964743
v 0.0924201 2.20143 0.973402
v 0.0924201 2.20143 0.973402
v 0.092691 2.46833 0.973976
v 0.0965654 2.5715 0.972804
v 0.0765991 -1.66173 0.978869
v 0.124013 -2.69031 0.964551
v 0.0921781 -2.4709 0.974486
v 0.0997361 -2.6735 0.972229
v 0.0953893 1.75883 0.973588
v 0.096647 1.78202 0.973213
v 0.0954139 1.65002 0.974493
v 0.103299 1.78637 0.97222
v 0.101891 1.77035 0.973402
v 0.139926 0.764014 0.964256
v 0.085343 0.465983 0.97898
v 0.0918599 -1.55932 0.979063
v 0.152053 -2.58109 0.964032
v 0.11563 2.24779 0.974005
v 0.120722 2.34677 0.972772
v 0.115896 2.38667 0.974247
v 0.123175 2.53657 0.972504
v 0.116143 2.31319 0.974247
v 0.123441 2.45855 0.972503
v 0.0987867 0.260669 0.979151
v 0.165199 0.43591 0.963788
v 0.12295 2.48379 0.9738
v 0.126471 2.55492 0.972992
v 0.106867 -1.444 0.979253
v 0.180881 -2.44407 0.963498
v 0.11083 0.0607464 0.979304
v 0.188713 0.103433 0.963353
v 0.162882 -2.91924 0.969158
v 0.125603 -2.2511 0.976675
v 0.142401 2.50069 0.973608
v 0.144485 2.53729 0.973193
v 0.147613 2.26261 0.973821
v 0.152064 2.33084 0.972971
v 0.149897 2.51886 0.973402
v 0.149897 2.51886 0.973402
v 0.133606 1.37392 0.976729
v 0.174122 1.79057 0.969065
v 0.120439 -1.31639 0.979425
v 0.208093 -2.27443 0.962995
v 0.121232 -0.133735 0.979436
v 0.209718 -0.231346 0.962965
v 0.142661 1.50076 0.975658
v 0.169381 1.78185 0.970724
v 0.146668 1.57377 0.975041
v 0.165654 1.77749 0.971551
v 0.153689 -2.4863 0.974314
v 0.16416 -2.6557 0.972428
v 0.157393 1.66038 0.974321
v 0.1682 1.77438 0.97242
v 0.12975 -0.322831 0.979544
v 0.227427 -0.565858 0.962637
v 0.162541 2.40229 0.974065
v 0.170448 2.51916 0.972706
v 0.162818 2.32834 0.974066
v 0.170743 2.44166 0.972706
v 0.131464 -1.17671 0.979565
v 0.231046 -2.06804 0.96257
v 0.168261 2.2788 0.973619
v 0.170853 2.3139 0.973182
v 0.136147 -0.506691 0.979625
v 0.241037 -0.897051 0.962385
v 0.176349 2.29622 0.973402
v 0.176349 2.29622 0.973402
v 0.162708 -2.34814 0.975749
v 0.194652 -2.80916 0.970594
v 0.138867 -1.02473 0.979659
v 0.246907 -1.82199 0.962276
v 0.140175 -0.685548 0.979676
v 0.249748 -1.22143 0.962224
v 0.141579 -0.859715 0.979694
v 0.141579 -0.859715 0.979694
v 0.25281 -1.53515 0.962167
v 0.198071 2.41972 0.973863
v 0.204665 2.50028 0.972926
v 0.198371 2.34524 0.973863
v 0.204979 2.42336 0.972926
v 0.204575 -2.50391 0.974118
v 0.215358 -2.6359 0.972648
v 0.208678 1.67222 0.974123
v 0.219763 1.76105 0.972642
v 0.190396 1.31791 0.977117
v 0.257212 1.78042 0.968384
v 0.221202 2.43879 0.973641
v 0.224961 2.48024 0.973159
v 0.22152 2.36373 0.973641
v 0.225287 2.40392 0.973159
v 0.23056 2.45934 0.973402
v 0.23056 2.45934 0.973402
v 0.230887 2.38366 0.973402
v 0.230887 2.38366 0.973402
v 0.285766 -2.98379 0.968149
v 0.208997 -2.18222 0.977243
v 0.243507 -2.52355 0.973899
v 0.252281 -2.61448 0.972887
v 0.247932 1.68544 0.973903
v 0.256934 1.74663 0.972883
v 0.242323 1.58492 0.97485
v 0.269626 1.76349 0.971791
v 0.243763 1.44093 0.976117
v 0.300883 1.77857 0.970051
v 0.269054 -2.54505 0.97366
v 0.273997 -2.5918 0.973139
v 0.234908 1.26226 0.97742
v 0.326714 1.75558 0.967813
v 0.273707 1.6999 0.973662
v 0.278773 1.73136 0.973137
v 0.279669 -2.56821 0.973402
v 0.279669 -2.56821 0.973402
v 0.284445 1.71549 0.973402
v 0.284445 1.71549 0.973402
v 0.277324 1.51156 0.975468
v 0.324165 1.76687 0.970987
v 0.264012 1.20529 0.977619
v 0.374421 1.70934 0.967422
v 0.38119 -3.02181 0.967366
v 0.268051 -2.12492 0.977646
v 0.274487 1.14513 0.97769
v 0.392054 1.63561 0.967277
v 0.302993 -2.36572 0.975552
v 0.356618 -2.78441 0.970871
v 0.356382 1.7474 0.972066
v 0.325942 1.59814 0.974623
v 0.307243 1.22125 0.977914
v 0.448854 1.78414 0.966811
v 0.416025 -2.89216 0.969462
v 0.326166 -2.26747 0.976491
v 0.307979 1.24807 0.977919
v 0.45016 1.82425 0.9668
v 0.450286 -3.03526 0.966799
v 0.30805 -2.07648 0.977919
v 0.309472 1.1826 0.977929
v 0.452814 1.73036 0.966778
v 0.311193 1.26316 0.97794
v 0.45588 1.85046 0.966753
v 0.315136 1.13207 0.977967
v 0.462932 1.663 0.966695
v 0.316392 1.2667 0.977976
v 0.465185 1.86241 0.966677
v 0.337597 1.38408 0.976543
v 0.432608 1.7736 0.969378
v 0.323075 1.25891 0.978022
v 0.477248 1.85966 0.966578
v 0.33075 1.24002 0.978074
v 0.491241 1.84172 0.966463
v 0.495844 -3.02743 0.966425
v 0.333256 -2.03473 0.978091
v 0.338926 1.2103 0.97813
v 0.506316 1.80805 0.966339
v 0.395883 1.61334 0.974363
v 0.424409 1.72959 0.972372
v 0.347123 1.16999 0.978186
v 0.521608 1.75809 0.966214
v 0.521958 -3.0026 0.966211
v 0.347309 -1.99792 0.978187
v 0.533598 -2.96559 0.966115
v 0.353483 -1.96456 0.978229
v 0.399314 1.52508 0.975231
v 0.457879 1.74875 0.971305
v 0.354869 -1.93336 0.978238
v 0.354869 1.11931 0.978238
v 0.536224 -2.92139 0.966094
v 0.536224 -2.92139 0.966094
v 0.354869 -1.93336 0.978238
v 0.536224 1.69133 0.966094
v 0.360361 -1.89363 0.978276
v 0.546686 -2.87274 0.966008
v 0.406933 1.45342 0.975892
v 0.492743 1.7599 0.970387
v 0.375178 -1.8363 0.978377
v 0.575332 -2.81595 0.965773
v 0.430226 -2.38774 0.975306
v 0.496311 -2.75451 0.971205
v 0.450304 1.63037 0.974071
v 0.472416 1.71043 0.9727
v 0.383989 0.898157 0.978437
v 0.592662 1.38625 0.965631
v 0.554985 1.76092 0.968752
v 0.418795 1.3288 0.976911
v 0.396786 -1.76262 0.978524
v 0.618237 -2.74636 0.965421
v 0.499325 1.69027 0.973045
v 0.487167 1.64912 0.97375
v 0.412057 0.681383 0.978628
v 0.649399 1.07386 0.965165
v 0.504229 1.66944 0.973402
v 0.504229 1.66944 0.973402
v 0.445421 -2.20087 0.977032
v 0.596956 -2.94962 0.968537
v 0.422665 -1.67384 0.978701
v 0.671471 -2.65916 0.964984
v 0.506827 1.54119 0.974948
v 0.568271 1.72803 0.971668
v 0.438549 0.469448 0.978809
v 0.705191 0.754878 0.964707
v 0.482536 1.27355 0.9772
v 0.657071 1.7342 0.96823
v 0.450389 -1.57109 0.97889
v 0.730866 -2.54948 0.964497
v 0.639767 -2.85654 0.969863
v 0.51285 -2.28986 0.976239
v 0.542539 -2.41402 0.975012
v 0.611386 -2.72035 0.971587
v 0.462976 0.262667 0.978976
v 0.758683 0.430434 0.964269
v 0.527566 1.39798 0.976287
v 0.660899 1.75129 0.969788
v 0.477667 -1.45527 0.979076
v 0.791846 -2.41245 0.963996
v 0.555625 1.46911 0.97561
v 0.657104 1.73743 0.97079
v 0.484873 0.0612246 0.979125
v 0.808397 0.102076 0.96386
v 0.726997 1.68709 0.967872
v 0.52426 1.21661 0.97739
v 0.530051 -2.14501 0.977416
v 0.736907 -2.98211 0.967821
v 0.59777 1.55978 0.974622
v 0.653515 1.70524 0.972068
v 0.539285 1.15607 0.977458
v 0.752811 1.6138 0.96774
v 0.502348 -1.32696 0.979244
v 0.849334 -2.24353 0.963525
v 0.503789 -0.134811 0.979254
v 0.85276 -0.228194 0.963496
v 0.519285 -0.325476 0.97936
v 0.890126 -0.55791 0.96319
v 0.522404 -1.18638 0.979381
v 0.897759 -2.03882 0.963127
v 0.699962 -2.68282 0.972007
v 0.637749 -2.44436 0.974673
v 0.530925 -0.510898 0.979439
v 0.918821 -0.884161 0.962954
v 0.535875 -1.03329 0.979473
v 0.931192 -1.79555 0.962853
v 0.538258 -0.691288 0.979489
v 0.937181 -1.20363 0.962804
v 0.540812 -0.866933 0.979506
v 0.540812 -0.866933 0.979506
v 0.94363 -1.51266 0.962751
v 0.94363 -1.51266 0.962751
v 0.586301 1.23353 0.977671
v 0.835856 1.75857 0.967315
v 0.669745 1.58074 0.974254
v 0.712171 1.68088 0.972496
v 0.837765 1.79807 0.967305
v 0.587359 1.26063 0.977676
v 0.58746 -2.09738 0.977677
v 0.837949 -2.99168 0.967305
v 0.589502 1.19453 0.977686
v 0.841639 1.70544 0.967286
v 0.591976 1.27593 0.977697
v 0.84612 1.82371 0.967263
v 0.597639 1.14359 0.977723
v 0.856414 1.63876 0.96721
v 0.599443 1.27961 0.977731
v 0.859704 1.83518 0.967193
v 0.632217 1.34373 0.976629
v 0.816486 1.73538 0.969234
v 0.609045 1.27187 0.977775
v 0.877309 1.83208 0.967103
v 0.720031 1.60395 0.973846
v 0.743133 1.65541 0.972943
v 0.89772 1.81395 0.966999
v 0.620072 1.25293 0.977825
v 0.687721 1.48789 0.975273
v 0.791246 1.71187 0.971249
v 0.713349 -2.47861 0.97429
v 0.760588 -2.64275 0.972455
v 0.623676 -2.056 0.977841
v 0.904436 -2.98154 0.966964
v 0.745566 1.62927 0.973402
v 0.745566 1.62927 0.973402
v 0.631823 1.22305 0.977878
v 0.919699 1.78031 0.966886
v 0.830031 -2.81383 0.970344
v 0.683791 -2.31807 0.975921
v 0.666589 -2.22645 0.976742
v 0.869709 -2.90488 0.969045
v 0.643608 1.18246 0.977932
v 0.941982 1.73065 0.966773
v 0.643877 -2.01923 0.977933
v 0.942495 -2.95571 0.96677
v 0.701627 1.41549 0.975965
v 0.854823 1.72456 0.97028
v 0.959448 -2.91867 0.966683
v 0.652755 -1.9857 0.977973
v 0.766476 -2.51657 0.973866
v 0.792167 -2.60092 0.972923
v 0.963271 -2.87505 0.966664
v 0.654748 -1.9542 0.977982
v 0.963271 1.6645 0.966664
v 0.654748 -1.9542 0.977982
v 0.963271 -2.87505 0.966664
v 0.654748 1.13138 0.977982
v 0.978499 -2.82664 0.966586
v 0.662645 -1.91421 0.978018
v 0.793899 -2.55805 0.973402
v 0.714545 1.28905 0.976899
v 0.945814 1.70626 0.968774
v 1.02018 -2.76935 0.966373
v 0.683965 -1.85668 0.978115
v 0.696646 0.908245 0.978172
v 1.04537 1.36288 0.966244
v 0.800695 1.50967 0.974882
v 0.893115 1.68392 0.971751
v 1.08251 -2.69884 0.966054
v 0.715071 -1.78276 0.978256
v 1.03415 1.65806 0.968459
v 0.768516 1.23216 0.977075
v 0.776014 -2.17261 0.9771
v 1.04666 -2.93034 0.968415
v 0.737065 0.68933 0.978356
v 1.12773 1.05469 0.965823
v 0.983741 -2.76548 0.970888
v 0.836638 -2.35194 0.97554
v 0.787969 1.1711 0.977139
v 1.06672 1.58539 0.968343
v 0.752351 -1.69364 0.978425
v 1.15973 -2.61069 0.965659
v 0.828692 1.36259 0.976273
v 1.03687 1.7049 0.96981
v 0.891578 1.53435 0.974438
v 0.961247 1.65424 0.972285
v 0.857404 1.43654 0.975578
v 1.01126 1.69431 0.970836
v 1.20856 0.740672 0.965409
v 0.775248 0.475115 0.978529
v 1.2457 -2.50036 0.965219
v 0.792322 -1.59034 0.978606
v 1.09895 -2.85158 0.969649
v 0.870509 -2.25881 0.976375
v 0.956926 1.56184 0.973944
v 0.994666 1.62344 0.972838
v 0.848893 1.25043 0.977338
v 1.17129 1.72533 0.967971
v 1.1737 1.76402 0.967962
v 0.850264 1.27792 0.977343
v 1.17393 -2.93503 0.967962
v 0.850396 -2.12615 0.977343
v 0.853044 1.21095 0.977352
v 1.17857 1.67305 0.967945
v 0.992782 1.59204 0.973402
v 0.992782 1.59204 0.973402
v 0.856253 1.29352 0.977362
v 1.1842 1.78894 0.967925
v 1.28591 0.421933 0.965014
v 0.810483 0.265937 0.978689
v 0.863597 1.15945 0.977386
v 1.19714 1.60726 0.967879
v 0.865936 1.29739 0.977394
v 1.20127 1.79981 0.967864
v 0.878394 1.28972 0.977435
v 1.22339 1.79627 0.967785
v 1.33378 -2.36342 0.964769
v 0.831683 -1.47371 0.978785
v 0.968523 -2.39137 0.975097
v 1.09874 -2.71289 0.971479
v 0.842087 0.0620074 0.978832
v 1.35766 0.0999717 0.964647
v 0.892705 1.27072 0.977481
v 1.24902 1.77792 0.967694
v 0.928919 1.30868 0.976516
v 1.18755 1.67305 0.96942
v 0.897382 -2.0853 0.977497
v 1.25745 -2.922 0.967664
v 0.991984 1.46104 0.975127
v 1.12805 1.66144 0.971441
v 0.907961 1.24063 0.977531
v 1.2766 1.74433 0.967596
v 0.867326 -1.34429 0.978947
v 1.41665 -2.19569 0.964345
v 0.869407 -0.136574 0.978956
v 1.42158 -0.223315 0.96432
v 0.923265 1.19966 0.977581
v 1.30454 1.69508 0.967497
v 0.923615 -2.04861 0.977583
v 1.30518 -2.89494 0.967494
v 1.32642 -2.85789 0.967419
v 0.935146 -2.01486 0.97762
v 1.00565 1.38533 0.975844
v 1.21273 1.67059 0.970457
v 0.937735 -1.98295 0.977629
v 1.33121 -2.815 0.967402
v 0.937735 1.14803 0.977629
v 0.937735 -1.98295 0.977629
v 1.33121 -2.815 0.967402
v 1.33121 1.62974 0.967402
v 0.891801 -0.32981 0.979058
v 1.47534 -0.545619 0.964045
v 1.35028 -2.76693 0.967334
v 0.947998 -1.9426 0.977662
v 0.896308 -1.20224 0.979078
v 1.48632 -1.99363 0.963989
v 1.17366 -2.65736 0.972104
v 1.07601 -2.43625 0.974592
v 1.29015 1.62364 0.969155
v 0.994753 1.25189 0.976676
v 1.00391 -2.20763 0.976698
v 1.30465 -2.86897 0.969118
v 0.908628 -0.517793 0.979135
v 1.51658 -0.864243 0.963834
v 0.915788 -1.04732 0.979167
v 1.53435 -1.75472 0.963743
v 1.10186 1.48896 0.974613
v 1.20384 1.62676 0.972079
v 1.40242 -2.70907 0.967148
v 0.975713 -1.88479 0.977753
v 1.54295 -1.17613 0.963699
v 0.919232 -0.700696 0.979183
v 1.01851 1.19018 0.976734
v 1.32789 1.55172 0.969058
v 1.28119 -2.79169 0.970329
v 1.05455 -2.29786 0.975932
v 1.5522 -1.47793 0.963652
v 0.922926 -0.878766 0.979199
v 0.922926 -0.878766 0.979199
v 1.5522 -1.47793 0.963652
v 0.992207 0.92217 0.977807
v 1.4339 1.33269 0.967036
v 1.20778 -2.60005 0.972749
v 1.15503 -2.48649 0.974027
v 1.20085 -2.542 0.973402
v 1.20085 -2.542 0.973402
v 1.48028 -2.63749 0.966871
v 1.01618 -1.81058 0.977885
v 1.18288 1.52023 0.974038
v 1.23795 1.591 0.972736
v 1.2302 1.55481 0.973402
v 1.2302 1.55481 0.973402
v 1.12295 1.3324 0.976054
v 1.37868 1.63582 0.970146
v 1.04482 0.700312 0.977979
v 1.53666 1.02998 0.96667
v 1.34189 1.63351 0.971158
v 1.15985 1.41191 0.975342
v 1.09298 1.2719 0.976915
v 1.44887 1.68605 0.968746
v 1.09466 1.29989 0.976919
v 1.45165 1.7238 0.968739
v 1.45191 -2.8681 0.968738
v 1.09482 -2.16271 0.976919
v 1.09806 1.23182 0.976927
v 1.45727 1.63478 0.968724
v 1.10199 1.31587 0.976936
v 1.46378 1.74788 0.968707
v 1.11098 1.17961 0.976958
v 1.47871 1.57006 0.968669
v 1.06473 -1.721 0.978044
v 1.57651 -2.54823 0.966528
v 1.11384 1.31999 0.976965
v 1.48348 1.75805 0.968656
v 1.12909 1.31242 0.977002
v 1.509 1.75401 0.96859
v 1.41427 -2.72708 0.971062
v 1.21538 -2.34356 0.975413
v 1.09458 0.482953 0.978142
v 1.63725 0.722395 0.966312
v 1.14662 1.29335 0.977045
v 1.53854 1.73543 0.968514
v 1.15235 -2.12258 0.977059
v 1.54825 -2.85181 0.968489
v 1.49125 1.58516 0.969934
v 1.20019 1.27577 0.976193
v 1.16531 1.263 0.97709
v 1.57031 1.70195 0.968432
v 1.11684 -1.61698 0.978215
v 1.68339 -2.43723 0.966148
v 1.21094 -2.25003 0.976212
v 1.50714 -2.80039 0.969904
v 1.28734 1.44232 0.974768
v 1.42326 1.5946 0.971892
v 1.18407 1.22156 0.977136
v 1.60247 1.6532 0.968349
v 1.1845 -2.08602 0.977137
v 1.6032 -2.82339 0.968347
v 1.22809 1.21329 0.976243
v 1.53259 1.51412 0.969856
v 1.14054 0.270463 0.978292
v 1.73326 0.411019 0.96597
v 1.62763 -2.78638 0.968284
v 1.19865 -2.05199 0.977171
v 1.20182 -2.01957 0.977179
v 1.63314 -2.74437 0.96827
v 1.20182 1.16922 0.977179
v 1.63314 1.58884 0.96827
v 1.29318 1.36021 0.975513
v 1.51711 1.59575 0.970926
v 1.21441 -1.97876 0.977209
v 1.65505 -2.69674 0.968213
v 1.16822 -1.49926 0.978383
v 1.79258 -2.30055 0.965759
v 1.45657 1.55474 0.972645
v 1.38333 1.47657 0.974121
v 1.49724 -2.65943 0.971829
v 1.34889 -2.39594 0.974819
v 1.18181 0.0630919 0.978427
v 1.82212 0.0972757 0.965654
v 1.44215 1.51465 0.973402
v 1.44215 1.51465 0.973402
v 1.71491 -2.63829 0.968059
v 1.24843 -1.92064 0.977292
v 1.31569 1.29796 0.9764
v 1.66477 1.64234 0.969608
v 1.26869 0.93993 0.977341
v 1.75101 1.29726 0.967965
v 1.31767 1.32656 0.976404
v 1.66779 1.67904 0.969602
v 1.31786 -2.20708 0.976404
v 1.66808 -2.79362 0.969602
v 1.32168 1.25715 0.976411
v 1.67393 1.5922 0.969591
v 1.21479 -1.36831 0.978535
v 1.89503 -2.1345 0.965395
v 1.3263 1.34301 0.97642
v 1.68102 1.7022 0.969577
v 1.21751 -0.139019 0.978544
v 1.90111 -0.217074 0.965373
v 1.45009 -2.45501 0.974149
v 1.52997 -2.59025 0.972614
v 1.33689 1.20409 0.976438
v 1.6973 1.5287 0.969547
v 1.63552 1.54388 0.970769
v 1.38121 1.30382 0.975626
v 1.34026 1.34744 0.976445
v 1.7025 1.71162 0.969537
v 1.80412 -2.56562 0.967828
v 1.29815 -1.84609 0.977412
v 1.39348 -2.29986 0.975641
v 1.6522 -2.72685 0.970747
v 1.51301 -2.52082 0.973402
v 1.51301 -2.52082 0.973402
v 1.43529 1.39215 0.974891
v 1.60208 1.55393 0.97174
v 1.35824 1.34 0.976477
v 1.73029 1.70706 0.969485
v 1.2468 -0.335823 0.97864
v 1.96743 -0.529923 0.965137
v 1.41306 1.24046 0.975666
v 1.6789 1.47383 0.970712
v 1.2527 -1.22424 0.978659
v 1.98095 -1.93595 0.965089
v 1.3789 1.32086 0.976514
v 1.76245 1.68826 0.969424
v 1.38566 -2.1679 0.976526
v 1.77301 -2.77391 0.969405
v 1.33337 0.714336 0.977498
v 1.86859 1.00107 0.967662
v 1.26882 -0.527363 0.978712
v 2.01822 -0.838837 0.964956
v 1.27819 -1.06678 0.978742
v 2.04009 -1.70266 0.964878
v 1.40095 1.2902 0.976553
v 1.79699 1.65493 0.96936
v 1.2827 -0.713757 0.978757
v 2.05066 -1.14108 0.964841
v 1.28754 -0.895194 0.978773
v 1.28754 -0.895194 0.978773
v 2.06204 -1.43368 0.9648
v 2.06204 -1.43368 0.9648
v 1.544 1.42826 0.974187
v 1.63374 1.51128 0.972571
v 1.35788 -1.75597 0.977557
v 1.9141 -2.47525 0.967544
v 1.4231 1.2482 0.976593
v 1.83192 1.60679 0.969294
v 1.4236 -2.13153 0.976594
v 1.83273 -2.7441 0.969292
v 1.61294 1.4686 0.973402
v 1.61294 1.4686 0.973402
v 1.72241 1.50093 0.971638
v 1.53328 1.33612 0.974972
v 1.85924 -2.70718 0.969242
v 1.4403 -2.09717 0.976624
v 1.44405 -2.06413 0.976631
v 1.44405 -2.06413 0.976631
v 1.86522 -2.66615 0.969231
v 1.86522 -2.66615 0.969231
v 1.44405 1.19502 0.976631
v 1.86522 1.54356 0.969231
v 1.54696 -2.35723 0.974984
v 1.73933 -2.65037 0.971624
v 1.98335 0.701075 0.967366
v 1.39464 0.492976 0.977647
v 1.88899 -2.61906 0.969187
v 1.45893 -2.02278 0.976658
v 1.51322 1.32868 0.975795
v 1.81728 1.59566 0.970529
v 1.51548 1.35799 0.975797
v 1.82044 1.63125 0.970524
v 1.5157 -2.25938 0.975798
v 1.82075 -2.7141 0.970524
v 1.52007 1.28701 0.975803
v 1.82685 1.54675 0.970516
v 1.5688 1.27176 0.975002
v 1.76641 1.43196 0.971601
v 1.52537 1.375 0.97581
v 1.83426 1.65344 0.970506
v 1.42208 -1.65107 0.977713
v 2.03587 -2.36368 0.96723
v 1.53749 1.23295 0.975826
v 1.85126 1.48457 0.970484
v 1.54136 1.37981 0.975831
v 1.85669 1.66209 0.970476
v 1.95383 -2.5601 0.969065
v 1.49914 -1.96432 0.97673
v 1.75247 1.45727 0.972521
v 1.65079 1.37272 0.974232
v 1.56195 1.37254 0.975857
v 1.88569 1.65702 0.970438
v 1.45131 0.276258 0.977784
v 2.09257 0.398322 0.967083
v 1.66572 -2.4223 0.974238
v 1.76913 -2.57267 0.972514
v 1.52311 0.961582 0.976773
v 1.99288 1.25816 0.968991
v 1.72692 1.41373 0.973402
v 1.72692 1.41373 0.973402
v 1.58564 1.35333 0.975887
v 1.91921 1.63803 0.970394
v 1.68957 1.30728 0.974248
v 1.79577 1.38945 0.972503
v 1.74288 -2.49522 0.973402
v 1.74288 -2.49522 0.973402
v 1.5934 -2.2214 0.975897
v 1.93022 -2.69097 0.970379
v 1.48547 -1.53199 0.977867
v 2.15988 -2.22752 0.96691
v 1.61094 1.32233 0.97592
v 1.95519 1.60491 0.970346
v 1.76839 1.34711 0.973402
v 1.76839 1.34711 0.973402
v 2.05027 -2.4864 0.968884
v 1.55799 -1.8894 0.976835
v 1.50226 0.0644819 0.977908
v 2.19337 0.0941468 0.966823
v 1.68069 1.36416 0.975095
v 1.90637 1.54733 0.971482
v 1.68322 1.39429 0.975097
v 1.90956 1.58178 0.971479
v 1.90987 -2.63177 0.971479
v 1.68347 -2.31979 0.975097
v 1.68835 1.3215 0.975101
v 1.91603 1.49971 0.971474
v 1.63636 1.27969 0.975952
v 1.99154 1.55746 0.970298
v 1.63694 -2.18531 0.975953
v 1.99238 -2.65982 0.970297
v 1.69428 1.41196 0.975106
v 1.92351 1.60299 0.971467
v 1.70785 1.26631 0.975117
v 1.94066 1.43893 0.971453
v 2.01995 -2.62306 0.97026
v 1.65612 -2.1506 0.975978
v 1.71218 1.41722 0.975121
v 1.94613 1.61086 0.971448
v 1.59973 0.731463 0.97691
v 2.11981 0.969269 0.968753
v 2.02616 -2.58309 0.970252
v 1.66043 -2.11683 0.975983
v 1.66043 -2.11683 0.975983
v 2.02616 -2.58309 0.970252
v 1.66043 1.22553 0.975983
v 2.02616 1.49547 0.970252
v 1.54302 -1.39911 0.978007
v 2.27587 -2.06362 0.96661
v 1.54638 -0.142154 0.978015
v 2.28276 -0.209847 0.966592
v 2.05085 -2.53662 0.970219
v 1.67752 -2.07486 0.976005
v 1.73525 1.41017 0.97514
v 1.97536 1.6053 0.971423
v 1.62879 -1.79869 0.976963
v 2.16882 -2.39505 0.968661
v 1.81201 1.40454 0.974298
v 1.93319 1.49847 0.972446
v 1.81479 1.43562 0.974299
v 1.93632 1.53176 0.972444
v 1.81505 -2.38855 0.9743
v 1.93662 -2.54853 0.972444
v 1.7618 1.39091 0.975162
v 2.00912 1.58616 0.971394
v 1.82041 1.36077 0.974302
v 1.94266 1.45215 0.972442
v 1.82691 1.45404 0.974304
v 1.94998 1.55199 0.972439
v 1.77049 -2.28333 0.97517
v 2.0202 -2.60537 0.971385
v 1.58261 -0.343541 0.978103
v 2.35765 -0.511779 0.966399
v 1.89967 1.44998 0.973402
v 1.89967 1.44998 0.973402
v 2.11812 -2.47726 0.970131
v 1.72377 -2.01605 0.976064
v 1.84179 1.30431 0.974311
v 1.96678 1.39282 0.972432
v 1.90265 1.48213 0.973402
v 1.90265 1.48213 0.973402
v 1.90294 -2.46595 0.973402
v 1.90294 -2.46595 0.973402
v 1.58991 -1.25248 0.978121
v 2.37289 -1.86929 0.96636
v 1.84654 1.45984 0.974313
v 1.97213 1.55913 0.972429
v 1.9087 1.40498 0.973402
v 1.9087 1.40498 0.973402
v 1.79017 1.35954 0.975186
v 2.04532 1.55332 0.971364
v 1.91568 1.50142 0.973402
v 1.91568 1.50142 0.973402
v 1.67242 0.505235 0.977041
v 2.24328 0.677689 0.968521
v 1.93168 1.34711 0.973402
v 1.93168 1.34711 0.973402
v 1.60987 -0.539654 0.978169
v 2.4149 -0.80951 0.966251
v 1.75136 0.987239 0.9761
v 2.15858 1.21679 0.970077
v 1.87185 1.45306 0.974323
v 2.00073 1.55311 0.972417
v 1.93678 1.50785 0.973402
v 1.93678 1.50785 0.973402
v 1.81869 1.31618 0.97521
v 2.08186 1.50663 0.971333
v 1.81935 -2.24764 0.97521
v 2.0827 -2.57298 0.971332
v 1.62148 -1.09179 0.978197
v 2.43951 -1.6426 0.966188
v 1.62707 -0.730538 0.978211
v 2.45142 -1.10066 0.966157
v 1.70503 -1.69278 0.977099
v 2.29965 -2.28313 0.968415
v 1.96401 1.50142 0.973402
v 1.96401 1.50142 0.973402
v 1.63306 -0.916305 0.978225
v 1.63306 -0.916305 0.978225
v 2.46422 -1.38267 0.966124
v 2.46422 -1.38267 0.966124
v 1.90101 1.43377 0.974335
v 2.03374 1.53387 0.972404
v 2.11038 -2.53645 0.971309
v 1.84089 -2.21254 0.975228
v 1.84573 -2.17794 0.975232
v 1.84573 -2.17794 0.975232
v 2.11662 -2.49758 0.971303
v 2.11662 -2.49758 0.971303
v 1.84573 1.26091 0.975232
v 2.11662 1.44597 0.971303
v 1.91056 -2.35399 0.974339
v 2.04456 -2.51909 0.972399
v 2.21795 -2.4027 0.969998
v 1.79155 -1.94078 0.976151
v 2.14139 -2.45181 0.971282
v 1.86494 -2.13528 0.975248
v 1.9954 1.48213 0.973402
v 1.93219 1.40202 0.974348
v 2.06909 1.50135 0.972389
v 1.73978 0.283356 0.977162
v 2.36041 0.384436 0.968301
v 2.00569 -2.43374 0.973402
v 2.00569 -2.43374 0.973402
v 2.029 1.44998 0.973402
v 2.029 1.44998 0.973402
v 1.96357 1.35786 0.974361
v 2.10474 1.45548 0.972374
v 1.96429 -2.31884 0.974361
v 2.10555 -2.48561 0.972374
v 1.83968 0.751799 0.976213
v 2.28976 0.935729 0.969903
v 2.2088 -2.3922 0.971225
v 1.91696 -2.07613 0.975291
v 1.78044 -1.57212 0.977235
v 2.43242 -2.14781 0.968165
v 2.13254 -2.44937 0.972362
v 1.988 -2.28335 0.974371
v 2.06284 1.40498 0.973402
v 2.06284 1.40498 0.973402
v 1.99333 -2.2478 0.974373
v 2.13861 -2.41162 0.97236
v 2.13861 -2.41162 0.97236
v 1.99333 -2.2478 0.974373
v 1.99333 1.30136 0.974373
v 2.13861 1.3962 0.97236
v 2.06361 -2.39933 0.973402
v 2.06361 -2.39933 0.973402
v 1.87324 -1.84946 0.976256
v 2.34029 -2.31059 0.969837
v 1.80043 0.0661867 0.977271
v 2.46819 0.0907345 0.968098
v 2.16274 -2.36661 0.97235
v 2.01449 -2.20439 0.974382
v 1.94802 1.01706 0.975317
v 2.24927 1.17435 0.971191
v 2.08921 -2.36345 0.973402
v 2.08921 -2.36345 0.973402
v 2.09497 -2.32683 0.973402
v 2.09497 -2.32683 0.973402
v 2.09497 1.34711 0.973402
v 2.09497 1.34711 0.973402
v 2.11783 -2.28262 0.973402
v 2.11783 -2.28262 0.973402
v 1.99332 -2.00056 0.975355
v 2.30859 -2.31698 0.97114
v 1.92366 0.519819 0.97632
v 2.41693 0.653111 0.969735
v 1.84902 -1.43694 0.977358
v 2.55618 -1.98649 0.967933
v 2.2283 -2.3069 0.972322
v 2.07186 -2.14495 0.974406
v 1.85303 -0.146004 0.977365
v 2.56351 -0.201984 0.967919
v 2.17987 -2.22298 0.973402
v 2.17987 -2.22298 0.973402
v 2.10616 1.05126 0.97442
v 2.2676 1.13184 0.972306
v 1.96139 -1.74246 0.976369
v 2.47484 -2.19859 0.969659
v 2.04763 0.775492 0.9754
v 2.38022 0.901449 0.971079
v 1.89627 -0.353028 0.977443
v 2.64318 -0.49208 0.96777
v 2.21702 1.09006 0.973402
v 2.21702 1.09006 0.973402
v 1.90499 -1.2872 0.977459
v 2.65938 -1.79695 0.967739
v 2.32513 -2.23128 0.972282
v 2.15622 -2.06919 0.974441
v 2.00163 0.291815 0.97642
v 2.53716 0.369889 0.969576
v 2.08555 -1.90867 0.975432
v 2.43052 -2.22439 0.971037
v 1.92883 -0.554772 0.977501
v 2.70397 -0.777719 0.967655
v 1.9427 -1.12256 0.977526
v 2.73009 -1.57754 0.967606
v 2.27131 -2.14718 0.973402
v 2.27131 -2.14718 0.973402
v 1.94938 -0.751187 0.977538
v 2.7427 -1.05689 0.967582
v 1.95655 -0.942286 0.977551
v 1.95655 -0.942286 0.977551
v 2.75627 -1.32744 0.967557
v 2.75627 -1.32744 0.967557
v 2.04877 -1.61999 0.976481
v 2.61088 -2.06446 0.969479
v 2.21635 0.802732 0.974466
v 2.39447 0.867241 0.972253
v 2.14259 0.536849 0.975479
v 2.50669 0.628078 0.970972
v 2.07196 0.0682216 0.97651
v 2.64745 0.0871701 0.96943
v 2.33663 0.833741 0.973402
v 2.33663 0.833741 0.973402
v 2.25838 -1.97681 0.974483
v 2.44308 -2.13848 0.972232
v 2.18532 -1.80052 0.975515
v 2.56414 -2.11263 0.970923
v 2.38235 -2.05447 0.973402
v 2.38235 -2.05447 0.973402
v 2.12839 -1.48214 0.976583
v 2.73724 -1.90612 0.969311
v 2.13306 -0.150606 0.976589
v 2.74471 -0.193792 0.969301
v 2.23095 0.301714 0.975552
v 2.62586 0.355121 0.970871
v 2.32169 0.556479 0.974509
v 2.51656 0.603185 0.972202
v 2.42154 -1.59204 0.973402
v 2.42154 -1.59204 0.973402
v 2.48479 -1.59493 0.972655
v 2.36142 -1.51574 0.974112
v 2.31669 -1.38908 0.97464
v 2.53632 -1.52077 0.972046
v 2.57446 -1.38323 0.971596
v 2.28576 -1.22812 0.975006
v 2.2676 -1.0468 0.97522
v 2.5979 -1.19927 0.971319
v 2.26161 -0.857826 0.975291
v 2.60581 -0.988379 0.971226
v 2.2676 -0.673399 0.97522
v 2.5979 -0.771486 0.971319
v 2.57446 -0.569749 0.971596
v 2.28576 -0.505858 0.975006
v 2.31669 -0.368359 0.97464
v 2.53632 -0.403281 0.972046
v 2.48479 -0.290032 0.972655
v 2.36142 -0.275632 0.974112
v 2.42154 -0.24493 0.973402
v 2.42154 -0.24493 0.973402
v 2.45134 0.578891 0.973402
v 2.45134 0.578891 0.973402
v 2.18335 -0.36438 0.976653
v 2.8258 -0.4716 0.969194
v 2.36919 -1.86752 0.974529
v 2.57188 -2.02729 0.972179
v 2.28447 -1.67608 0.975597
v 2.69873 -1.98002 0.970809
v 2.19349 -1.32876 0.976666
v 2.84227 -1.72177 0.969172
v 2.50318 -1.94413 0.973402
v 2.50318 -1.94413 0.973402
v 2.31083 0.0706072 0.975619
v 2.73483 0.0835625 0.970778
v 2.22126 -0.572878 0.976702
v 2.88756 -0.744723 0.969112
v 2.41998 0.313151 0.97455
v 2.63121 0.340484 0.972154
v 2.23742 -1.15943 0.976722
v 2.91406 -1.51007 0.969077
v 2.2452 -0.775932 0.976732
v 2.92686 -1.01151 0.96906
v 2.25356 -0.973425 0.976743
v 2.25356 -0.973425 0.976743
v 2.94061 -1.2702 0.969042
v 2.94061 -1.2702 0.969042
v 2.5587 0.326246 0.973402
v 2.5587 0.326246 0.973402
v 2.37503 -1.53522 0.975672
v 2.8233 -1.82498 0.970703
v 2.47964 -1.74098 0.974575
v 2.70114 -1.8965 0.972125
v 2.38035 -0.15601 0.975677
v 2.83065 -0.185523 0.970697
v 2.50905 0.0733697 0.974587
v 2.73572 0.0799978 0.97211
v 2.62401 -1.81542 0.973402
v 2.62401 -1.81542 0.973402
v 2.43766 -0.377729 0.975724
v 2.91035 -0.450974 0.970629
v 2.65626 0.0765405 0.973402
v 2.65626 0.0765405 0.973402
v 2.44923 -1.37764 0.975734
v 2.92651 -1.6461 0.970615
v 2.5808 -1.59679 0.974616
v 2.82033 -1.74499 0.972075
v 2.58674 -0.162279 0.974619
v 2.82736 -0.177374 0.972072
v 2.48092 -0.594189 0.97576
v 2.97093 -0.711547 0.970578
v 2.49938 -1.20284 0.975776
v 2.99688 -1.44227 0.970556
v 2.73505 -1.6676 0.973402
v 2.73505 -1.6676 0.973402
v 2.50827 -0.805075 0.975783
v 3.00941 -0.965924 0.970545
v 2.74158 -0.169491 0.973402
v 2.74158 -0.169491 0.973402
v 2.51782 -1.01011 0.975791
v 2.51782 -1.01011 0.975791
v 3.02288 -1.21273 0.970533
v 3.02288 -1.21273 0.970533
v 2.65092 -0.393239 0.974645
v 2.90339 -0.430692 0.97204
v 2.66388 -1.43445 0.974651
v 2.9188 -1.57172 0.972034
v 2.80673 -0.213579 0.973402
v 2.80673 -0.213579 0.973402
v 2.8122 -0.411114 0.973402
v 2.8122 -0.411114 0.973402
v 2.7438 -0.241787 0.9741
v 2.88459 -0.254193 0.972668
v 2.69943 -0.618982 0.974666
v 2.96108 -0.678979 0.972016
v 2.82649 -1.49995 0.973402
v 2.82649 -1.49995 0.973402
v 2.70752 -0.326304 0.97462
v 2.95953 -0.356676 0.972071
v 2.72014 -1.25337 0.974674
v 2.98576 -1.37577 0.972006
v 2.69353 -0.451486 0.974979
v 3.02745 -0.507457 0.971629
v 2.73012 -0.839005 0.974678
v 2.99767 -0.921226 0.972001
v 2.86568 -0.647594 0.973402
v 2.86568 -0.647594 0.973402
v 2.74084 -1.05283 0.974683
v 3.01047 -1.1564 0.971995
v 3.01047 -1.1564 0.971995
v 2.69846 -0.603938 0.97519
v 3.08419 -0.690268 0.971358
v 2.88854 -1.31172 0.973402
v 2.88854 -1.31172 0.973402
v 2.89956 -0.878195 0.973402
v 2.89956 -0.878195 0.973402
v 2.71965 -0.771672 0.97526
v 3.12582 -0.886918 0.971266
v 2.9114 -1.10218 0.973402
v 2.9114 -1.10218 0.973402
v 2.75501 -0.943426 0.97519
v 3.14882 -1.07828 0.971358
v 2.8029 -1.10807 0.974979
v 3.15037 -1.24544 0.971629
v 3.12844 -1.37072 0.972071
v 2.86204 -1.254 0.97462
v 3.0819 -1.43874 0.972668
v 2.93148 -1.36851 0.9741
v 3.01051 -1.437 0.973402
v 3.01051 -1.437 0.973402
v 3.09297 -0.126384 0.973402
v 3.09297 -0.126384 0.973402
v 3.03025 -0.152918 0.974067
v 3.17809 -0.160378 0.972704
v 3.00098 -0.228779 0.974563
v 3.2663 -0.249005 0.972138
v 2.99913 -0.340259 0.974907
v 3.35201 -0.380295 0.971719
v 3.01984 -0.475534 0.97511
v 3.42937 -0.540022 0.971463
v 3.05914 -0.623957 0.975176
v 3.4925 -0.712348 0.971376
v 3.29888 0.00636809 0.973402
v 3.29888 0.00636809 0.973402
v 3.23917 -0.0188986 0.974019
v 3.38518 -0.0197505 0.972757
v 3.11365 -0.775484 0.97511
v 3.53589 -0.880648 0.971463
v 3.21625 -0.0856699 0.97448
v 3.47859 -0.0926576 0.972236
v 3.18048 -0.920166 0.974907
v 3.55471 -1.02844 0.971719
v 3.22326 -0.182381 0.974801
v 3.57277 -0.202157 0.971851
v 3.25706 -1.04764 0.974563
v 3.54502 -1.14027 0.972138
v 3.341 -1.1466 0.974067
v 3.504 -1.20253 0.972704
v 3.43 -1.20407 0.973402
v 3.43 -1.20407 0.973402
v 3.44306 0.17439 0.973402
v 3.44306 0.17439 0.973402
v 3.2545 -0.298937 0.97499
v 3.66097 -0.336273 0.971616
v 3.38861 0.150413 0.97396
v 3.52614 0.156518 0.972822
v 3.37192 0.0931496 0.974379
v 3.61913 0.0999788 0.972354
v 3.30519 -0.42617 0.975052
v 3.73631 -0.481759 0.971537
v 3.3858 0.0119468 0.97467
v 3.71538 0.0131097 0.97201
v 3.54413 0.367395 0.973402
v 3.54413 0.367395 0.973402
v 3.6214 0.357379 0.972891
v 3.49649 0.345051 0.973895
v 3.37118 -0.555374 0.97499
v 3.79222 -0.624738 0.971616
v 3.48631 0.297611 0.974267
v 3.71086 0.31678 0.972481
v 3.42421 -0.0849243 0.974842
v 3.8078 -0.0944379 0.9718
v 3.62071 0.575095 0.973402
v 3.62071 0.575095 0.973402
v 3.44872 -0.677901 0.974801
v 3.82269 -0.75141 0.971851
v 3.69134 0.571999 0.97296
v 3.58074 0.55486 0.97383
v 3.50636 0.232235 0.974527
v 3.80579 0.252068 0.972181
v 3.53434 -0.784748 0.97448
v 3.82262 -0.848756 0.972236
v 3.48189 -0.189862 0.974899
v 3.88915 -0.21207 0.971729
v 3.77663 0.546046 0.972607
v 3.57777 0.517295 0.974155
v 3.69142 0.787204 0.973402
v 3.69142 0.787204 0.973402
v 3.62466 -0.86612 0.974019
v 3.78804 -0.905161 0.972757
v 3.65938 0.769441 0.973771
v 3.75621 0.789803 0.973024
v 3.71624 -0.910893 0.973402
v 3.71624 -0.910893 0.973402
v 3.5504 0.155362 0.974681
v 3.89904 0.170618 0.971998
v 3.86978 0.501911 0.97235
v 3.60453 0.467507 0.974382
v 3.55419 -0.295597 0.974842
v 3.95235 -0.328712 0.9718
v 3.83903 0.776576 0.972722
v 3.66482 0.741337 0.974051
v 3.77486 0.993435 0.973402
v 3.61293 0.0729826 0.974731
v 3.98325 0.0804631 0.971936
v 3.75052 0.978142 0.973721
v 3.83615 1.00048 0.973075
v 3.65458 0.410169 0.974517
v 3.96356 0.444847 0.972193
v 3.63681 -0.394879 0.97467
v 3.99082 -0.433317 0.97201
v 3.70014 0.706169 0.974248
v 3.93272 0.750556 0.972503
v 3.76612 0.95841 0.973965
v 3.92037 0.997662 0.972816
v 3.72565 -0.480169 0.974379
v 3.99879 -0.515373 0.972354
v 3.68892 -0.00912521 0.974681
v 4.05116 -0.0100213 0.971998
v 3.72211 0.349682 0.974561
v 4.05049 0.380532 0.97214
v 3.75848 0.666985 0.974364
v 4.02969 0.715115 0.97237
v 3.88965 1.1835 0.973402
v 3.88965 1.1835 0.973402
v 3.81662 -0.543303 0.97396
v 3.97153 -0.565355 0.972822
v 3.90549 -0.575095 0.973402
v 3.90549 -0.575095 0.973402
v 3.95122 1.19393 0.973111
v 3.87232 1.17009 0.973687
v 3.81325 0.935982 0.974136
v 4.01954 0.986619 0.972628
v 3.77365 -0.0851765 0.974527
v 4.09591 -0.0924503 0.972181
v 3.80173 0.290331 0.974517
v 4.12315 0.314877 0.972193
v 4.04283 1.19901 0.97288
v 3.90041 1.15677 0.973906
v 4.12212 0.673876 0.972325
v 3.83354 0.626698 0.974403
v 3.86254 -0.149162 0.974267
v 4.11132 -0.158769 0.972481
v 3.88417 0.912515 0.974238
v 4.12526 0.969153 0.972514
v 4.09209 -0.201563 0.972891
v 3.95094 -0.19461 0.973895
v 4.17442 0.25382 0.97235
v 3.88828 0.236422 0.974382
v 4.03399 -0.214314 0.973402
v 4.03399 -0.214314 0.973402
v 4.0544 1.34711 0.973402
v 4.0544 1.34711 0.973402
v 4.0544 1.34711 0.973402
v 3.91934 0.588168 0.974364
v 4.20216 0.63061 0.97237
v 4.15503 1.19929 0.972713
v 3.96396 1.14414 0.97406
v 4.12158 1.36023 0.973123
v 4.04285 1.33425 0.973675
v 4.04285 1.33425 0.973675
v 4.12158 1.36023 0.973123
v 4.19771 0.203121 0.972607
v 3.97668 0.192426 0.974155
v 3.97168 0.889613 0.974271
v 4.2288 0.947206 0.972476
v 4.10306 1.38018 0.973402
v 4.18721 0.16817 0.97296
v 4.06175 0.163131 0.97383
v 4.09279 1.3674 0.973672
v 4.17159 1.39372 0.973127
v 4.01012 0.554287 0.974248
v 4.26218 0.589127 0.972503
v 4.13801 0.153816 0.973402
v 4.13801 0.153816 0.973402
v 4.14976 1.4059 0.973402
v 4.22879 1.37061 0.972903
v 4.08624 1.32441 0.973884
v 4.08624 1.32441 0.973884
v 4.22879 1.37061 0.972903
v 4.27783 1.19539 0.972611
v 4.05375 1.13277 0.974151
v 4.14083 1.39351 0.973664
v 4.21808 1.41951 0.973135
v 4.06885 0.868879 0.974238
v 4.3214 0.922809 0.972514
v 4.19254 1.42427 0.973402
v 4.19254 1.42427 0.973402
v 4.295 0.553157 0.972722
v 4.1001 0.528056 0.974051
v 4.13968 1.3581 0.973879
v 4.28244 1.40494 0.972909
v 4.21769 1.34711 0.973402
v 4.18495 1.41252 0.973652
v 4.25934 1.43763 0.973148
v 4.22945 1.43529 0.973402
v 4.21161 1.33936 0.973566
v 4.26063 1.35495 0.973236
v 4.29411 0.526246 0.973024
v 4.1834 0.512679 0.973771
v 4.25378 0.511658 0.973402
v 4.25378 0.511658 0.973402
v 4.2572 1.38018 0.973402
v 4.2572 1.38018 0.973402
v 4.22311 1.42435 0.973637
v 4.29368 1.44815 0.973163
v 4.25851 1.43896 0.973402
v 4.25851 1.43896 0.973402
v 4.18988 1.38498 0.973864
v 4.32985 1.43125 0.972924
v 4.36422 1.37812 0.972744
v 4.17215 1.31747 0.974031
v 4.17215 1.31747 0.974031
v 4.36422 1.37812 0.972744
v 4.25251 1.37253 0.97357
v 4.30293 1.3888 0.973232
v 4.40091 1.188 0.972578
v 4.16104 1.12325 0.974181
v 4.27778 1.43529 0.973402
v 4.27778 1.43529 0.973402
v 4.16893 0.851941 0.974136
v 4.39447 0.898031 0.972628
v 4.27909 1.4059 0.973402
v 4.27909 1.4059 0.973402
v 4.28529 1.42427 0.973402
v 4.28529 1.42427 0.973402
v 4.24198 1.3334 0.973693
v 4.33016 1.36111 0.973105
v 4.25327 1.4289 0.973621
v 4.31941 1.45112 0.97318
v 4.23495 1.40487 0.973843
v 4.36971 1.44958 0.972947
v 4.27506 1.39799 0.973578
v 4.32828 1.41539 0.973224
v 4.27337 1.42609 0.973605
v 4.33486 1.44661 0.973196
v 4.28132 1.41581 0.97359
v 4.33837 1.43468 0.973211
v 4.23072 1.35206 0.974024
v 4.42326 1.41359 0.972751
v 4.28792 1.36748 0.973698
v 4.37873 1.39644 0.973099
v 4.27295 1.41762 0.973817
v 4.40071 1.46 0.972974
v 4.26512 0.840505 0.973965
v 4.4398 0.874928 0.972816
v 4.30071 1.32917 0.973783
v 4.41842 1.36555 0.973011
v 4.30193 1.42303 0.973789
v 4.42157 1.4626 0.973004
v 4.31491 1.39332 0.973713
v 4.41088 1.42431 0.973084
v 4.43105 1.45746 0.973034
v 4.31992 1.42091 0.973761
v 4.32491 1.41107 0.973735
v 4.4279 1.44467 0.973061
v 4.28368 1.37995 0.974006
v 4.4725 1.44078 0.972772
v 4.51386 1.17788 0.972611
v 4.27741 1.11618 0.974151
v 4.28898 1.31334 0.974119
v 4.28898 1.31334 0.974119
v 4.51537 1.38267 0.972647
v 4.35045 0.83639 0.973721
v 4.44978 0.855487 0.973075
v 4.35442 1.3648 0.97379
v 4.47586 1.40286 0.973003
v 4.41755 0.841578 0.973402
v 4.32937 1.40089 0.973978
v 4.5111 1.45969 0.972802
v 4.38002 1.32665 0.973837
v 4.51729 1.36822 0.972954
v 4.36611 1.41461 0.973944
v 4.53825 1.47038 0.972838
v 4.38869 1.39152 0.973809
v 4.51726 1.43229 0.972983
v 4.35379 1.34908 0.974111
v 4.58097 1.41947 0.972656
v 4.39217 1.42083 0.973908
v 4.55319 1.47291 0.972878
v 4.40524 1.40958 0.973837
v 4.54344 1.4538 0.972953
v 4.4058 1.41925 0.973871
v 4.55517 1.46737 0.972917
v 4.60639 1.16581 0.972713
v 4.39456 1.1122 0.97406
v 4.58529 1.40783 0.972945
v 4.44339 1.36427 0.973845
v 4.40985 1.37814 0.97409
v 4.6327 1.44778 0.972679
v 4.42572 1.31197 0.974148
v 4.42572 1.31197 0.974148
v 4.47238 1.32581 0.973854
v 4.61849 1.36912 0.972935
v 4.66933 1.38419 0.972615
v 4.45587 1.4002 0.974058
v 4.67027 1.46757 0.972714
v 4.48693 1.39224 0.973866
v 4.63746 1.43895 0.972922
v 4.66859 1.15259 0.97288
v 4.50413 1.11199 0.973906
v 4.4905 1.41489 0.97402
v 4.69341 1.47882 0.972756
v 4.51199 1.41091 0.973898
v 4.67413 1.46161 0.972888
v 4.51234 1.42184 0.973978
v 4.70189 1.48156 0.972801
v 4.69553 1.47582 0.972847
v 4.51998 1.42064 0.973936
v 4.49734 1.349 0.97414
v 4.74205 1.4224 0.972624
v 4.69777 1.41113 0.972926
v 4.54643 1.36567 0.973863
v 4.57041 1.32665 0.973837
v 4.71365 1.36822 0.972954
v 4.69117 1.13904 0.973111
v 4.59749 1.11629 0.973687
v 4.66558 1.12594 0.973402
v 4.66558 1.12594 0.973402
v 4.55661 1.37931 0.974118
v 4.79672 1.45199 0.972648
v 4.6004 1.39515 0.973885
v 4.76129 1.44394 0.972902
v 4.5717 1.31334 0.974119
v 4.5717 1.31334 0.974119
v 4.81302 1.38267 0.972647
v 4.60265 1.40248 0.974085
v 4.83357 1.47285 0.972685
v 4.63521 1.41465 0.973918
v 4.80884 1.46765 0.972866
v 4.80401 1.41256 0.972945
v 4.65534 1.36884 0.973845
v 4.66675 1.32917 0.973783
v 4.79448 1.36555 0.973011
v 4.85287 1.48489 0.972728
v 4.63453 1.41808 0.974045
v 4.84017 1.48234 0.972823
v 4.65182 1.42465 0.973958
v 4.65125 1.42563 0.974002
v 4.85496 1.48807 0.972776
v 4.65018 1.3517 0.974111
v 4.89283 1.42223 0.972656
v 4.7201 1.39994 0.973866
v 4.87846 1.44691 0.972922
v 4.75401 1.3334 0.973693
v 4.85282 1.36111 0.973105
v 4.71638 1.31747 0.974031
v 4.93351 1.37812 0.972744
v 4.71638 1.31747 0.974031
v 4.76194 1.3736 0.97379
v 4.89473 1.41191 0.973003
v 4.7125 1.38323 0.97409
v 4.95064 1.45314 0.972679
v 4.76512 1.42044 0.973898
v 4.93636 1.47149 0.972888
v 4.82463 1.33936 0.973566
v 4.88079 1.35495 0.973236
v 4.75823 1.40745 0.974058
v 4.98718 1.47517 0.972714
v 4.87084 1.34711 0.973402
v 4.97697 1.48646 0.972847
v 4.7909 1.43089 0.973936
v 4.7869 1.42383 0.97402
v 5.0032 1.48817 0.972756
v 4.79797 1.43183 0.973978
v 4.99952 1.49197 0.972801
v 4.83705 1.40633 0.973809
v 4.97875 1.44753 0.972983
v 4.80125 1.35712 0.974024
v 5.01974 1.41888 0.972751
v 4.85798 1.37979 0.973698
v 4.96086 1.40901 0.973099
v 4.8491 1.32441 0.973884
v 5.01826 1.37061 0.972903
v 4.8491 1.32441 0.973884
v 4.93507 1.38727 0.97357
v 4.99359 1.40372 0.973232
v 4.89203 1.42792 0.973837
v 5.04551 1.47272 0.972953
v 4.86618 1.38975 0.974006
v 5.08068 1.45101 0.972772
v 4.98452 1.39589 0.973402
v 4.98452 1.39589 0.973402
v 4.9422 1.41404 0.973713
v 5.05213 1.4455 0.973084
v 4.95887 1.33425 0.973675
v 5.05544 1.36023 0.973123
v 4.95887 1.33425 0.973675
v 4.92689 1.43895 0.973871
v 5.09392 1.48774 0.972917
v 4.91125 1.41484 0.973978
v 5.1174 1.47423 0.972802
v 4.93934 1.36519 0.973879
v 5.10968 1.41227 0.972909
v 4.94166 1.44004 0.973908
v 5.12282 1.49284 0.972878
v 4.93642 1.4318 0.973944
v 5.13105 1.48825 0.972838
v 5.03412 1.34711 0.973402
v 5.03412 1.34711 0.973402
v 5.02632 1.4228 0.973578
v 5.08891 1.44052 0.973224
v 5.00615 1.43674 0.973735
v 5.12537 1.47096 0.973061
v 5.07984 1.43235 0.973402
v 5.07984 1.43235 0.973402
v 5.0062 1.39872 0.973864
v 5.17345 1.44545 0.972924
v 5.05292 1.3759 0.973672
v 5.15021 1.40239 0.973127
v 5.17924 1.48576 0.973034
v 5.04935 1.4485 0.973761
v 5.0502 1.42442 0.973843
v 5.21091 1.46975 0.972947
v 5.12985 1.38927 0.973402
v 5.09746 1.44656 0.97359
v 5.16539 1.46584 0.973211
v 5.07136 1.44994 0.973789
v 5.2124 1.49026 0.973004
v 5.07178 1.4417 0.973817
v 5.22342 1.48481 0.972974
v 5.15557 1.45706 0.973402
v 5.15557 1.45706 0.973402
v 5.12075 1.41001 0.973664
v 5.21628 1.43631 0.973135
v 5.14758 1.45915 0.973605
v 5.22166 1.48014 0.973196
v 5.19741 1.42353 0.973402
v 5.16326 1.43599 0.973652
v 5.25505 1.46151 0.973148
v 5.21047 1.47056 0.973402
v 5.21047 1.47056 0.973402
v 5.17583 1.46117 0.973621
v 5.25631 1.48389 0.97318
v 5.18134 1.45325 0.973637
v 5.26791 1.47753 0.973163
v 5.23803 1.44934 0.973402
v 5.24333 1.47341 0.973402
v 5.24333 1.47341 0.973402
v 5.25293 1.46615 0.973402
f 2909 2921 2939
f 2939 2931 2909
f 2869 2877 2921
f 2921 2909 2869
f 2819 2827 2877
f 2877 2869 2819
f 2737 2747 2827
f 2827 2819 2737
f 2669 2673 2747
f 2747 2737 2669
f 2567 2575 2673
f 2673 2669 2567
f 2476 2480 2575
f 2575 2567 2476
f 2358 2362 2480
f 2480 2476 2358
f 2158 2162 2362
f 2362 2358 2158
f 1715 1812 2162
f 2162 2158 1715
f 2901 2909 2931
f 2931 2917 2901
f 2863 2869 2909
f 2909 2901 2863
f 2813 2819 2869
f 2869 2863 2813
f 2729 2737 2819
f 2819 2813 2729
f 2663 2669 2737
f 2737 2729 2663
f 2561 2567 2669
f 2669 2663 2561
f 2468 2476 2567
f 2567 2561 2468
f 2350 2358 2476
f 2476 2468 2350
f 2152 2158 2358
f 2358 2350 2152
f 1717 1715 2158
f 2158 2152 1717
f 2903 2901 2917
f 2917 2923 2903
f 2865 2863 2901
f 2901 2903 2865
f 2815 2813 2863
f 2863 2865 2815
f 2733 2729 2813
f 2813 2815 2733
f 2665 2663 2729
f 2729 2733 2665
f 2564 2561 2663
f 2663 2665 2564
f 2473 2468 2561
f 2561 2564 2473
f 2354 2350 2468
f 2468 2473 2354
f 2155 2152 2350
f 2350 2354 2155
f 1927 1717 2152
f 2152 2155 1927
f 2911 2903 2923
f 2923 2935 2911
f 2875 2865 2903
f 2903 2911 2875
f 2823 2815 2865
f 2865 2875 2823
f 2741 2733 2815
f 2815 2823 2741
f 2671 2665 2733
f 2733 2741 2671
f 2571 2564 2665
f 2665 2671 2571
f 2478 2473 2564
f 2564 2571 2478
f 2360 2354 2473
f 2473 2478 2360
f 2160 2155 2354
f 2354 2360 2160
f 1718 1927 2155
f 2155 2160 1718
f 2929 2911 2935
f 2935 2947 2929
f 2881 2875 2911
f 2911 2929 2881
f 2829 2823 2875
f 2875 2881 2829
f 2751 2741 2823
f 2823 2829 2751
f 2677 2671 2741
f 2741 2751 2677
f 2577 2571 2671
f 2671 2677 2577
f 2482 2478 2571
f 2571 2577 2482
f 2364 2360 2478
f 2478 2482 2364
f 2164 2160 2360
f 2360 2364 2164
f 1842 1718 2160
f 2160 2164 1842
f 2945 2929 2947
f 2947 2959 2945
f 2897 2881 2929
f 2929 2945 2897
f 2835 2829 2881
f 2881 2897 2835
f 2761 2751 2829
f 2829 2835 2761
f 2679 2677 2751
f 2751 2761 2679
f 2579 2577 2677
f 2677 2679 2579
f 2486 2482 2577
f 2577 2579 2486
f 2368 2364 2482
f 2482 2486 2368
f 2172 2164 2364
f 2364 2368 2172
f 1725 1842 2164
f 2164 2172 1725
f 2965 2945 2959
f 2959 2981 2965
f 2907 2897 2945
f 2945 2965 2907
f 2845 2835 2897
f 2897 2907 2845
f 2769 2761 2835
f 2835 2845 2769
f 2685 2679 2761
f 2761 2769 2685
f 2587 2579 2679
f 2679 2685 2587
f 2491 2486 2579
f 2579 2587 2491
f 2370 2368 2486
f 2486 2491 2370
f 2174 2172 2368
f 2368 2370 2174
f 1834 1725 2172
f 2172 2174 1834
f 2982 2965 2981
f 2981 2988 2982
f 2933 2907 2965
f 2965 2982 2933
f 2855 2845 2907
f 2907 2933 2855
f 2779 2769 2845
f 2845 2855 2779
f 2691 2685 2769
f 2769 2779 2691
f 2595 2587 2685
f 2685 2691 2595
f 2500 2491 2587
f 2587 2595 2500
f 2374 2370 2491
f 2491 2500 2374
f 2178 2174 2370
f 2370 2374 2178
f 1716 1834 2174
f 2174 2178 1716
f 2990 2982 2988
f 2988 3002 2990
f 2949 2933 2982
f 2982 2990 2949
f 2871 2855 2933
f 2933 2949 2871
f 2791 2779 2855
f 2855 2871 2791
f 2699 2691 2779
f 2779 2791 2699
f 2601 2595 2691
f 2691 2699 2601
f 2506 2500 2595
f 2595 2601 2506
f 2378 2374 2500
f 2500 2506 2378
f 2180 2178 2374
f 2374 2378 2180
f 1714 1716 2178
f 2178 2180 1714
f 3008 2990 3002
f 3002 3024 3008
f 2973 2949 2990
f 2990 3008 2973
f 2889 2871 2949
f 2949 2973 2889
f 2805 2791 2871
f 2871 2889 2805
f 2711 2699 2791
f 2791 2805 2711
f 2611 2601 2699
f 2699 2711 2611
f 2521 2506 2601
f 2601 2611 2521
f 2387 2378 2506
f 2506 2521 2387
f 2191 2180 2378
f 2378 2387 2191
f 1810 1714 2180
f 2180 2191 1810
f 1464 1460 1813
f 1813 1821 1464
f 1264 1260 1460
f 1460 1464 1264
f 1146 1142 1260
f 1260 1264 1146
f 1055 1047 1142
f 1142 1146 1055
f 953 949 1047
f 1047 1055 953
f 885 875 949
f 949 953 885
f 803 795 875
f 875 885 803
f 753 745 795
f 795 803 753
f 713 701 745
f 745 753 713
f 691 683 701
f 701 713 691
f 1470 1464 1821
f 1821 1829 1470
f 1272 1264 1464
f 1464 1470 1272
f 1154 1146 1264
f 1264 1272 1154
f 1061 1055 1146
f 1146 1154 1061
f 959 953 1055
f 1055 1061 959
f 893 885 953
f 953 959 893
f 809 803 885
f 885 893 809
f 759 753 803
f 803 809 759
f 721 713 753
f 753 759 721
f 705 691 713
f 713 721 705
f 1469 1470 1829
f 1829 1835 1469
f 1268 1272 1470
f 1470 1469 1268
f 1151 1154 1272
f 1272 1268 1151
f 1060 1061 1154
f 1154 1151 1060
f 957 959 1061
f 1061 1060 957
f 889 893 959
f 959 957 889
f 807 809 893
f 893 889 807
f 757 759 809
f 809 807 757
f 719 721 759
f 759 757 719
f 699 705 721
f 721 719 699
f 1462 1469 1835
f 1835 1839 1462
f 1262 1268 1469
f 1469 1462 1262
f 1144 1151 1268
f 1268 1262 1144
f 1051 1060 1151
f 1151 1144 1051
f 951 957 1060
f 1060 1051 951
f 881 889 957
f 957 951 881
f 799 807 889
f 889 881 799
f 747 757 807
f 807 799 747
f 711 719 757
f 757 747 711
f 687 699 719
f 719 711 687
f 1458 1462 1839
f 1839 1843 1458
f 1258 1262 1462
f 1462 1458 1258
f 1140 1144 1262
f 1262 1258 1140
f 1045 1051 1144
f 1144 1140 1045
f 945 951 1051
f 1051 1045 945
f 871 881 951
f 951 945 871
f 793 799 881
f 881 871 793
f 741 747 799
f 799 793 741
f 693 711 747
f 747 741 693
f 675 687 711
f 711 693 675
f 1450 1458 1843
f 1843 1838 1450
f 1254 1258 1458
f 1458 1450 1254
f 1136 1140 1258
f 1258 1254 1136
f 1043 1045 1140
f 1140 1136 1043
f 943 945 1045
f 1045 1043 943
f 861 871 945
f 945 943 861
f 787 793 871
f 871 861 787
f 725 741 793
f 793 787 725
f 677 693 741
f 741 725 677
f 663 675 693
f 693 677 663
f 1448 1450 1838
f 1838 1834 1448
f 1252 1254 1450
f 1450 1448 1252
f 1133 1136 1254
f 1254 1252 1133
f 1035 1043 1136
f 1136 1133 1035
f 937 943 1043
f 1043 1035 937
f 853 861 943
f 943 937 853
f 777 787 861
f 861 853 777
f 715 725 787
f 787 777 715
f 657 677 725
f 725 715 657
f 642 663 677
f 677 657 642
f 1444 1448 1834
f 1834 1828 1444
f 1248 1252 1448
f 1448 1444 1248
f 1122 1133 1252
f 1252 1248 1122
f 1027 1035 1133
f 1133 1122 1027
f 931 937 1035
f 1035 1027 931
f 843 853 937
f 937 931 843
f 767 777 853
f 853 843 767
f 689 715 777
f 777 767 689
f 640 657 715
f 715 689 640
f 634 642 657
f 657 640 634
f 1442 1444 1828
f 1828 1820 1442
f 1244 1248 1444
f 1444 1442 1244
f 1116 1122 1248
f 1248 1244 1116
f 1021 1027 1122
f 1122 1116 1021
f 923 931 1027
f 1027 1021 923
f 831 843 931
f 931 923 831
f 751 767 843
f 843 831 751
f 673 689 767
f 767 751 673
f 632 640 689
f 689 673 632
f 620 634 640
f 640 632 620
f 1429 1442 1820
f 1820 1811 1429
f 1233 1244 1442
f 1442 1429 1233
f 1106 1116 1244
f 1244 1233 1106
f 1011 1021 1116
f 1116 1106 1011
f 911 923 1021
f 1021 1011 911
f 817 831 923
f 923 911 817
f 733 751 831
f 831 817 733
f 649 673 751
f 751 733 649
f 614 632 673
f 673 649 614
f 597 620 632
f 632 614 597
f 714 702 684
f 684 692 714
f 754 746 702
f 702 714 754
f 804 796 746
f 746 754 804
f 886 876 796
f 796 804 886
f 954 950 876
f 876 886 954
f 1056 1048 950
f 950 954 1056
f 1147 1143 1048
f 1048 1056 1147
f 1265 1261 1143
f 1143 1147 1265
f 1465 1461 1261
f 1261 1265 1465
f 1915 1817 1461
f 1461 1465 1915
f 722 714 692
f 692 706 722
f 760 754 714
f 714 722 760
f 810 804 754
f 754 760 810
f 894 886 804
f 804 810 894
f 960 954 886
f 886 894 960
f 1062 1056 954
f 954 960 1062
f 1155 1147 1056
f 1056 1062 1155
f 1273 1265 1147
f 1147 1155 1273
f 1471 1465 1265
f 1265 1273 1471
f 1917 1915 1465
f 1465 1471 1917
f 720 722 706
f 706 700 720
f 758 760 722
f 722 720 758
f 808 810 760
f 760 758 808
f 890 894 810
f 810 808 890
f 958 960 894
f 894 890 958
f 1059 1062 960
f 960 958 1059
f 1150 1155 1062
f 1062 1059 1150
f 1269 1273 1155
f 1155 1150 1269
f 1468 1471 1273
f 1273 1269 1468
f 1697 1917 1471
f 1471 1468 1697
f 712 720 700
f 700 688 712
f 748 758 720
f 720 712 748
f 800 808 758
f 758 748 800
f 882 890 808
f 808 800 882
f 952 958 890
f 890 882 952
f 1052 1059 958
f 958 952 1052
f 1145 1150 1059
f 1059 1052 1145
f 1263 1269 1150
f 1150 1145 1263
f 1463 1468 1269
f 1269 1263 1463
f 1919 1697 1468
f 1468 1463 1919
f 694 712 688
f 688 676 694
f 742 748 712
f 712 694 742
f 794 800 748
f 748 742 794
f 872 882 800
f 800 794 872
f 946 952 882
f 882 872 946
f 1046 1052 952
f 952 946 1046
f 1141 1145 1052
f 1052 1046 1141
f 1259 1263 1145
f 1145 1141 1259
f 1459 1463 1263
f 1263 1259 1459
f 1845 1919 1463
f 1463 1459 1845
f 678 694 676
f 676 664 678
f 726 742 694
f 694 678 726
f 788 794 742
f 742 726 788
f 862 872 794
f 794 788 862
f 944 946 872
f 872 862 944
f 1044 1046 946
f 946 944 1044
f 1137 1141 1046
f 1046 1044 1137
f 1255 1259 1141
f 1141 1137 1255
f 1451 1459 1259
f 1259 1255 1451
f 1898 1845 1459
f 1459 1451 1898
f 658 678 664
f 664 642 658
f 716 726 678
f 678 658 716
f 778 788 726
f 726 716 778
f 854 862 788
f 788 778 854
f 938 944 862
f 862 854 938
f 1036 1044 944
f 944 938 1036
f 1132 1137 1044
f 1044 1036 1132
f 1253 1255 1137
f 1137 1132 1253
f 1449 1451 1255
f 1255 1253 1449
f 1837 1898 1451
f 1451 1449 1837
f 641 658 642
f 642 635 641
f 690 716 658
f 658 641 690
f 768 778 716
f 716 690 768
f 844 854 778
f 778 768 844
f 932 938 854
f 854 844 932
f 1028 1036 938
f 938 932 1028
f 1123 1132 1036
f 1036 1028 1123
f 1249 1253 1132
f 1132 1123 1249
f 1445 1449 1253
f 1253 1249 1445
f 1918 1837 1449
f 1449 1445 1918
f 633 641 635
f 635 621 633
f 674 690 641
f 641 633 674
f 752 768 690
f 690 674 752
f 832 844 768
f 768 752 832
f 924 932 844
f 844 832 924
f 1022 1028 932
f 932 924 1022
f 1117 1123 1028
f 1028 1022 1117
f 1245 1249 1123
f 1123 1117 1245
f 1443 1445 1249
f 1249 1245 1443
f 1916 1918 1445
f 1445 1443 1916
f 616 633 621
f 621 600 616
f 654 674 633
f 633 616 654
f 737 752 674
f 674 654 737
f 822 832 752
f 752 737 822
f 914 924 832
f 832 822 914
f 1014 1022 924
f 924 914 1014
f 1104 1117 1022
f 1022 1014 1104
f 1237 1245 1117
f 1117 1104 1237
f 1433 1443 1245
f 1245 1237 1433
f 1819 1916 1443
f 1443 1433 1819
f 2159 2163 1816
f 1816 1822 2159
f 2359 2363 2163
f 2163 2159 2359
f 2477 2481 2363
f 2363 2359 2477
f 2568 2576 2481
f 2481 2477 2568
f 2670 2674 2576
f 2576 2568 2670
f 2738 2748 2674
f 2674 2670 2738
f 2820 2828 2748
f 2748 2738 2820
f 2870 2878 2828
f 2828 2820 2870
f 2910 2922 2878
f 2878 2870 2910
f 2932 2940 2922
f 2922 2910 2932
f 2153 2159 1822
f 1822 1830 2153
f 2351 2359 2159
f 2159 2153 2351
f 2469 2477 2359
f 2359 2351 2469
f 2562 2568 2477
f 2477 2469 2562
f 2664 2670 2568
f 2568 2562 2664
f 2730 2738 2670
f 2670 2664 2730
f 2814 2820 2738
f 2738 2730 2814
f 2864 2870 2820
f 2820 2814 2864
f 2902 2910 2870
f 2870 2864 2902
f 2918 2932 2910
f 2910 2902 2918
f 2154 2153 1830
f 1830 1836 2154
f 2355 2351 2153
f 2153 2154 2355
f 2472 2469 2351
f 2351 2355 2472
f 2563 2562 2469
f 2469 2472 2563
f 2666 2664 2562
f 2562 2563 2666
f 2734 2730 2664
f 2664 2666 2734
f 2816 2814 2730
f 2730 2734 2816
f 2866 2864 2814
f 2814 2816 2866
f 2904 2902 2864
f 2864 2866 2904
f 2924 2918 2902
f 2902 2904 2924
f 2161 2154 1836
f 1836 1840 2161
f 2361 2355 2154
f 2154 2161 2361
f 2479 2472 2355
f 2355 2361 2479
f 2572 2563 2472
f 2472 2479 2572
f 2672 2666 2563
f 2563 2572 2672
f 2742 2734 2666
f 2666 2672 2742
f 2824 2816 2734
f 2734 2742 2824
f 2876 2866 2816
f 2816 2824 2876
f 2912 2904 2866
f 2866 2876 2912
f 2936 2924 2904
f 2904 2912 2936
f 2165 2161 1840
f 1840 1844 2165
f 2365 2361 2161
f 2161 2165 2365
f 2483 2479 2361
f 2361 2365 2483
f 2578 2572 2479
f 2479 2483 2578
f 2678 2672 2572
f 2572 2578 2678
f 2752 2742 2672
f 2672 2678 2752
f 2830 2824 2742
f 2742 2752 2830
f 2882 2876 2824
f 2824 2830 2882
f 2930 2912 2876
f 2876 2882 2930
f 2948 2936 2912
f 2912 2930 2948
f 2173 2165 1844
f 1844 1841 2173
f 2369 2365 2165
f 2165 2173 2369
f 2487 2483 2365
f 2365 2369 2487
f 2580 2578 2483
f 2483 2487 2580
f 2680 2678 2578
f 2578 2580 2680
f 2762 2752 2678
f 2678 2680 2762
f 2836 2830 2752
f 2752 2762 2836
f 2898 2882 2830
f 2830 2836 2898
f 2946 2930 2882
f 2882 2898 2946
f 2960 2948 2930
f 2930 2946 2960
f 2175 2173 1841
f 1841 1837 2175
f 2371 2369 2173
f 2173 2175 2371
f 2490 2487 2369
f 2369 2371 2490
f 2588 2580 2487
f 2487 2490 2588
f 2686 2680 2580
f 2580 2588 2686
f 2770 2762 2680
f 2680 2686 2770
f 2846 2836 2762
f 2762 2770 2846
f 2908 2898 2836
f 2836 2846 2908
f 2966 2946 2898
f 2898 2908 2966
f 2981 2960 2946
f 2946 2966 2981
f 2179 2175 1837
f 1837 1831 2179
f 2375 2371 2175
f 2175 2179 2375
f 2501 2490 2371
f 2371 2375 2501
f 2596 2588 2490
f 2490 2501 2596
f 2692 2686 2588
f 2588 2596 2692
f 2780 2770 2686
f 2686 2692 2780
f 2856 2846 2770
f 2770 2780 2856
f 2934 2908 2846
f 2846 2856 2934
f 2983 2966 2908
f 2908 2934 2983
f 2989 2981 2966
f 2966 2983 2989
f 2181 2179 1831
f 1831 1823 2181
f 2379 2375 2179
f 2179 2181 2379
f 2507 2501 2375
f 2375 2379 2507
f 2602 2596 2501
f 2501 2507 2602
f 2700 2692 2596
f 2596 2602 2700
f 2792 2780 2692
f 2692 2700 2792
f 2872 2856 2780
f 2780 2792 2872
f 2950 2934 2856
f 2856 2872 2950
f 2991 2983 2934
f 2934 2950 2991
f 3003 2989 2983
f 2983 2991 3003
f 2194 2181 1823
f 1823 1818 2194
f 2391 2379 2181
f 2181 2194 2391
f 2518 2507 2379
f 2379 2391 2518
f 2614 2602 2507
f 2507 2518 2614
f 2712 2700 2602
f 2602 2614 2712
f 2806 2792 2700
f 2700 2712 2806
f 2890 2872 2792
f 2792 2806 2890
f 2974 2950 2872
f 2872 2890 2974
f 3009 2991 2950
f 2950 2974 3009
f 3025 3003 2991
f 2991 3009 3025
f 3040 3008 3024
f 3024 3048 3040
f 3018 2973 3008
f 3008 3040 3018
f 2943 2889 2973
f 2973 3018 2943
f 2841 2805 2889
f 2889 2943 2841
f 2731 2711 2805
f 2805 2841 2731
f 2645 2611 2711
f 2711 2731 2645
f 2529 2521 2611
f 2611 2645 2529
f 2402 2387 2521
f 2521 2529 2402
f 2208 2191 2387
f 2387 2402 2208
f 1806 1810 2191
f 2191 2208 1806
f 3072 3040 3048
f 3048 3078 3072
f 3044 3018 3040
f 3040 3072 3044
f 2994 2943 3018
f 3018 3044 2994
f 2883 2841 2943
f 2943 2994 2883
f 2773 2731 2841
f 2841 2883 2773
f 2659 2645 2731
f 2731 2773 2659
f 2539 2529 2645
f 2645 2659 2539
f 2410 2402 2529
f 2529 2539 2410
f 2222 2208 2402
f 2402 2410 2222
f 1694 1806 2208
f 2208 2222 1694
f 3092 3072 3078
f 3078 3116 3092
f 3074 3044 3072
f 3072 3092 3074
f 3030 2994 3044
f 3044 3074 3030
f 2937 2883 2994
f 2994 3030 2937
f 2810 2773 2883
f 2883 2937 2810
f 2683 2659 2773
f 2773 2810 2683
f 2554 2539 2659
f 2659 2683 2554
f 2420 2410 2539
f 2539 2554 2420
f 2238 2222 2410
f 2410 2420 2238
f 1930 1694 2222
f 2222 2238 1930
f 3132 3092 3116
f 3116 3142 3132
f 3090 3074 3092
f 3092 3132 3090
f 3054 3030 3074
f 3074 3090 3054
f 2984 2937 3030
f 3030 3054 2984
f 2837 2810 2937
f 2937 2984 2837
f 2705 2683 2810
f 2810 2837 2705
f 2574 2554 2683
f 2683 2705 2574
f 2430 2420 2554
f 2554 2574 2430
f 2247 2238 2420
f 2420 2430 2247
f 1913 1930 2238
f 2238 2247 1913
f 3150 3132 3142
f 3142 3156 3150
f 3128 3090 3132
f 3132 3150 3128
f 3076 3054 3090
f 3090 3128 3076
f 3014 2984 3054
f 3054 3076 3014
f 2861 2837 2984
f 2984 3014 2861
f 2723 2705 2837
f 2837 2861 2723
f 2585 2574 2705
f 2705 2723 2585
f 2438 2430 2574
f 2574 2585 2438
f 2253 2247 2430
f 2430 2438 2253
f 1711 1913 2247
f 2247 2253 1711
f 3162 3150 3156
f 3156 3172 3162
f 3148 3128 3150
f 3150 3162 3148
f 3088 3076 3128
f 3128 3148 3088
f 3036 3014 3076
f 3076 3088 3036
f 2893 2861 3014
f 3014 3036 2893
f 2743 2723 2861
f 2861 2893 2743
f 2599 2585 2723
f 2723 2743 2599
f 2450 2438 2585
f 2585 2599 2450
f 2267 2253 2438
f 2438 2450 2267
f 1794 1711 2253
f 2253 2267 1794
f 3178 3162 3172
f 3172 3184 3178
f 3154 3148 3162
f 3162 3178 3154
f 3118 3088 3148
f 3148 3154 3118
f 3046 3036 3088
f 3088 3118 3046
f 2915 2893 3036
f 3036 3046 2915
f 2763 2743 2893
f 2893 2915 2763
f 2615 2599 2743
f 2743 2763 2615
f 2452 2450 2599
f 2599 2615 2452
f 2277 2267 2450
f 2450 2452 2277
f 1710 1794 2267
f 2267 2277 1710
f 3188 3178 3184
f 3184 3200 3188
f 3164 3154 3178
f 3178 3188 3164
f 3130 3118 3154
f 3154 3164 3130
f 3058 3046 3118
f 3118 3130 3058
f 2941 2915 3046
f 3046 3058 2941
f 2775 2763 2915
f 2915 2941 2775
f 2627 2615 2763
f 2763 2775 2627
f 2458 2452 2615
f 2615 2627 2458
f 2287 2277 2452
f 2452 2458 2287
f 1910 1710 2277
f 2277 2287 1910
f 3198 3188 3200
f 3200 3209 3198
f 3170 3164 3188
f 3188 3198 3170
f 3136 3130 3164
f 3164 3170 3136
f 3064 3058 3130
f 3130 3136 3064
f 2955 2941 3058
f 3058 3064 2955
f 2781 2775 2941
f 2941 2955 2781
f 2636 2627 2775
f 2775 2781 2636
f 2462 2458 2627
f 2627 2636 2462
f 2295 2287 2458
f 2458 2462 2295
f 1909 1910 2287
f 2287 2295 1909
f 3202 3198 3209
f 3209 3213 3202
f 3174 3170 3198
f 3198 3202 3174
f 3138 3136 3170
f 3170 3174 3138
f 3066 3064 3136
f 3136 3138 3066
f 2961 2955 3064
f 3064 3066 2961
f 2783 2781 2955
f 2955 2961 2783
f 2642 2636 2781
f 2781 2783 2642
f 2464 2462 2636
f 2636 2642 2464
f 2297 2295 2462
f 2462 2464 2297
f 1784 1909 2295
f 2295 2297 1784
f 1414 1429 1811
f 1811 1807 1414
f 1220 1233 1429
f 1429 1414 1220
f 1093 1106 1233
f 1233 1220 1093
f 977 1011 1106
f 1106 1093 977
f 891 911 1011
f 1011 977 891
f 781 817 911
f 911 891 781
f 679 733 817
f 817 781 679
f 604 649 733
f 733 679 604
f 571 614 649
f 649 604 571
f 561 597 614
f 614 571 561
f 1400 1414 1807
f 1807 1804 1400
f 1212 1220 1414
f 1414 1400 1212
f 1083 1093 1220
f 1220 1212 1083
f 963 977 1093
f 1093 1083 963
f 849 891 977
f 977 963 849
f 739 781 891
f 891 849 739
f 628 679 781
f 781 739 628
f 565 604 679
f 679 628 565
f 530 571 604
f 604 565 530
f 524 561 571
f 571 530 524
f 1386 1400 1804
f 1804 1802 1386
f 1202 1212 1400
f 1400 1386 1202
f 1070 1083 1212
f 1212 1202 1070
f 939 963 1083
f 1083 1070 939
f 814 849 963
f 963 939 814
f 685 739 849
f 849 814 685
f 585 628 739
f 739 685 585
f 528 565 628
f 628 585 528
f 510 530 565
f 565 528 510
f 508 524 530
f 530 510 508
f 1375 1386 1802
f 1802 1800 1375
f 1192 1202 1386
f 1386 1375 1192
f 1050 1070 1202
f 1202 1192 1050
f 917 939 1070
f 1070 1050 917
f 785 814 939
f 939 917 785
f 638 685 814
f 814 785 638
f 553 585 685
f 685 638 553
f 512 528 585
f 585 553 512
f 492 510 528
f 528 512 492
f 482 508 510
f 510 492 482
f 1369 1375 1800
f 1800 1798 1369
f 1184 1192 1375
f 1375 1369 1184
f 1037 1050 1192
f 1192 1184 1037
f 899 917 1050
f 1050 1037 899
f 761 785 917
f 917 899 761
f 608 638 785
f 785 761 608
f 526 553 638
f 638 608 526
f 496 512 553
f 553 526 496
f 454 492 512
f 512 496 454
f 448 482 492
f 492 454 448
f 1355 1369 1798
f 1798 1795 1355
f 1172 1184 1369
f 1369 1355 1172
f 1023 1037 1184
f 1184 1172 1023
f 879 899 1037
f 1037 1023 879
f 729 761 899
f 899 879 729
f 579 608 761
f 761 729 579
f 514 526 608
f 608 579 514
f 457 496 526
f 526 514 457
f 442 454 496
f 496 457 442
f 432 448 454
f 454 442 432
f 1345 1355 1795
f 1795 1792 1345
f 1170 1172 1355
f 1355 1345 1170
f 1007 1023 1172
f 1172 1170 1007
f 859 879 1023
f 1023 1007 859
f 707 729 879
f 879 859 707
f 563 579 729
f 729 707 563
f 506 514 579
f 579 563 506
f 450 457 514
f 514 506 450
f 420 442 457
f 457 450 420
f 412 432 442
f 442 420 412
f 1335 1345 1792
f 1792 1790 1335
f 1164 1170 1345
f 1345 1335 1164
f 995 1007 1170
f 1170 1164 995
f 847 859 1007
f 1007 995 847
f 681 707 859
f 859 847 681
f 547 563 707
f 707 681 547
f 494 506 563
f 563 547 494
f 440 450 506
f 506 494 440
f 410 420 450
f 450 440 410
f 398 412 420
f 420 410 398
f 1327 1335 1790
f 1790 1788 1327
f 1160 1164 1335
f 1335 1327 1160
f 988 995 1164
f 1164 1160 988
f 841 847 995
f 995 988 841
f 667 681 847
f 847 841 667
f 538 547 681
f 681 667 538
f 488 494 547
f 547 538 488
f 434 440 494
f 494 488 434
f 400 410 440
f 440 434 400
f 381 398 410
f 410 400 381
f 1324 1327 1788
f 1788 1785 1324
f 1156 1160 1327
f 1327 1324 1156
f 979 988 1160
f 1160 1156 979
f 837 841 988
f 988 979 837
f 659 667 841
f 841 837 659
f 534 538 667
f 667 659 534
f 484 488 538
f 538 534 484
f 428 434 488
f 488 484 428
f 395 400 434
f 434 428 395
f 374 381 400
f 400 395 374
f 572 616 600
f 600 562 572
f 605 654 616
f 616 572 605
f 680 737 654
f 654 605 680
f 782 822 737
f 737 680 782
f 892 914 822
f 822 782 892
f 978 1014 914
f 914 892 978
f 1094 1104 1014
f 1014 978 1094
f 1221 1237 1104
f 1104 1094 1221
f 1415 1433 1237
f 1237 1221 1415
f 1809 1819 1433
f 1433 1415 1809
f 531 572 562
f 562 525 531
f 566 605 572
f 572 531 566
f 629 680 605
f 605 566 629
f 740 782 680
f 680 629 740
f 850 892 782
f 782 740 850
f 964 978 892
f 892 850 964
f 1084 1094 978
f 978 964 1084
f 1213 1221 1094
f 1094 1084 1213
f 1401 1415 1221
f 1221 1213 1401
f 1931 1809 1415
f 1415 1401 1931
f 511 531 525
f 525 509 511
f 529 566 531
f 531 511 529
f 586 629 566
f 566 529 586
f 686 740 629
f 629 586 686
f 813 850 740
f 740 686 813
f 940 964 850
f 850 813 940
f 1069 1084 964
f 964 940 1069
f 1203 1213 1084
f 1084 1069 1203
f 1385 1401 1213
f 1213 1203 1385
f 1693 1931 1401
f 1401 1385 1693
f 493 511 509
f 509 483 493
f 513 529 511
f 511 493 513
f 554 586 529
f 529 513 554
f 639 686 586
f 586 554 639
f 786 813 686
f 686 639 786
f 918 940 813
f 813 786 918
f 1049 1069 940
f 940 918 1049
f 1193 1203 1069
f 1069 1049 1193
f 1376 1385 1203
f 1203 1193 1376
f 1712 1693 1385
f 1385 1376 1712
f 455 493 483
f 483 449 455
f 497 513 493
f 493 455 497
f 527 554 513
f 513 497 527
f 609 639 554
f 554 527 609
f 762 786 639
f 639 609 762
f 900 918 786
f 786 762 900
f 1038 1049 918
f 918 900 1038
f 1185 1193 1049
f 1049 1038 1185
f 1370 1376 1193
f 1193 1185 1370
f 1912 1712 1376
f 1376 1370 1912
f 443 455 449
f 449 433 443
f 458 497 455
f 455 443 458
f 515 527 497
f 497 458 515
f 580 609 527
f 527 515 580
f 730 762 609
f 609 580 730
f 880 900 762
f 762 730 880
f 1024 1038 900
f 900 880 1024
f 1173 1185 1038
f 1038 1024 1173
f 1356 1370 1185
f 1185 1173 1356
f 1797 1912 1370
f 1370 1356 1797
f 421 443 433
f 433 413 421
f 451 458 443
f 443 421 451
f 507 515 458
f 458 451 507
f 564 580 515
f 515 507 564
f 708 730 580
f 580 564 708
f 860 880 730
f 730 708 860
f 1008 1024 880
f 880 860 1008
f 1171 1173 1024
f 1024 1008 1171
f 1346 1356 1173
f 1173 1171 1346
f 1911 1797 1356
f 1356 1346 1911
f 411 421 413
f 413 399 411
f 441 451 421
f 421 411 441
f 495 507 451
f 451 441 495
f 548 564 507
f 507 495 548
f 682 708 564
f 564 548 682
f 848 860 708
f 708 682 848
f 996 1008 860
f 860 848 996
f 1165 1171 1008
f 1008 996 1165
f 1336 1346 1171
f 1171 1165 1336
f 1709 1911 1346
f 1346 1336 1709
f 401 411 399
f 399 382 401
f 435 441 411
f 411 401 435
f 489 495 441
f 441 435 489
f 539 548 495
f 495 489 539
f 668 682 548
f 548 539 668
f 842 848 682
f 682 668 842
f 987 996 848
f 848 842 987
f 1161 1165 996
f 996 987 1161
f 1328 1336 1165
f 1165 1161 1328
f 1708 1709 1336
f 1336 1328 1708
f 397 401 382
f 382 376 397
f 431 435 401
f 401 397 431
f 487 489 435
f 435 431 487
f 537 539 489
f 489 487 537
f 662 668 539
f 539 537 662
f 840 842 668
f 668 662 840
f 981 987 842
f 842 840 981
f 1159 1161 987
f 987 981 1159
f 1326 1328 1161
f 1161 1159 1326
f 1787 1708 1328
f 1328 1326 1787
f 2209 2194 1818
f 1818 1808 2209
f 2403 2391 2194
f 2194 2209 2403
f 2530 2518 2391
f 2391 2403 2530
f 2646 2614 2518
f 2518 2530 2646
f 2732 2712 2614
f 2614 2646 2732
f 2842 2806 2712
f 2712 2732 2842
f 2944 2890 2806
f 2806 2842 2944
f 3019 2974 2890
f 2890 2944 3019
f 3041 3009 2974
f 2974 3019 3041
f 3049 3025 3009
f 3009 3041 3049
f 2223 2209 1808
f 1808 1805 2223
f 2411 2403 2209
f 2209 2223 2411
f 2540 2530 2403
f 2403 2411 2540
f 2660 2646 2530
f 2530 2540 2660
f 2774 2732 2646
f 2646 2660 2774
f 2884 2842 2732
f 2732 2774 2884
f 2995 2944 2842
f 2842 2884 2995
f 3045 3019 2944
f 2944 2995 3045
f 3073 3041 3019
f 3019 3045 3073
f 3079 3049 3041
f 3041 3073 3079
f 2237 2223 1805
f 1805 1803 2237
f 2421 2411 2223
f 2223 2237 2421
f 2553 2540 2411
f 2411 2421 2553
f 2684 2660 2540
f 2540 2553 2684
f 2809 2774 2660
f 2660 2684 2809
f 2938 2884 2774
f 2774 2809 2938
f 3031 2995 2884
f 2884 2938 3031
f 3075 3045 2995
f 2995 3031 3075
f 3093 3073 3045
f 3045 3075 3093
f 3117 3079 3073
f 3073 3093 3117
f 2248 2237 1803
f 1803 1801 2248
f 2431 2421 2237
f 2237 2248 2431
f 2573 2553 2421
f 2421 2431 2573
f 2706 2684 2553
f 2553 2573 2706
f 2838 2809 2684
f 2684 2706 2838
f 2985 2938 2809
f 2809 2838 2985
f 3055 3031 2938
f 2938 2985 3055
f 3091 3075 3031
f 3031 3055 3091
f 3133 3093 3075
f 3075 3091 3133
f 3143 3117 3093
f 3093 3133 3143
f 2254 2248 1801
f 1801 1799 2254
f 2439 2431 2248
f 2248 2254 2439
f 2586 2573 2431
f 2431 2439 2586
f 2724 2706 2573
f 2573 2586 2724
f 2862 2838 2706
f 2706 2724 2862
f 3015 2985 2838
f 2838 2862 3015
f 3077 3055 2985
f 2985 3015 3077
f 3129 3091 3055
f 3055 3077 3129
f 3151 3133 3091
f 3091 3129 3151
f 3157 3143 3133
f 3133 3151 3157
f 2268 2254 1799
f 1799 1796 2268
f 2451 2439 2254
f 2254 2268 2451
f 2600 2586 2439
f 2439 2451 2600
f 2744 2724 2586
f 2586 2600 2744
f 2894 2862 2724
f 2724 2744 2894
f 3037 3015 2862
f 2862 2894 3037
f 3089 3077 3015
f 3015 3037 3089
f 3149 3129 3077
f 3077 3089 3149
f 3163 3151 3129
f 3129 3149 3163
f 3173 3157 3151
f 3151 3163 3173
f 2278 2268 1796
f 1796 1793 2278
f 2453 2451 2268
f 2268 2278 2453
f 2616 2600 2451
f 2451 2453 2616
f 2764 2744 2600
f 2600 2616 2764
f 2916 2894 2744
f 2744 2764 2916
f 3047 3037 2894
f 2894 2916 3047
f 3119 3089 3037
f 3037 3047 3119
f 3155 3149 3089
f 3089 3119 3155
f 3179 3163 3149
f 3149 3155 3179
f 3185 3173 3163
f 3163 3179 3185
f 2288 2278 1793
f 1793 1791 2288
f 2459 2453 2278
f 2278 2288 2459
f 2628 2616 2453
f 2453 2459 2628
f 2776 2764 2616
f 2616 2628 2776
f 2942 2916 2764
f 2764 2776 2942
f 3059 3047 2916
f 2916 2942 3059
f 3131 3119 3047
f 3047 3059 3131
f 3165 3155 3119
f 3119 3131 3165
f 3189 3179 3155
f 3155 3165 3189
f 3201 3185 3179
f 3179 3189 3201
f 2296 2288 1791
f 1791 1789 2296
f 2463 2459 2288
f 2288 2296 2463
f 2635 2628 2459
f 2459 2463 2635
f 2782 2776 2628
f 2628 2635 2782
f 2956 2942 2776
f 2776 2782 2956
f 3065 3059 2942
f 2942 2956 3065
f 3137 3131 3059
f 3059 3065 3137
f 3171 3165 3131
f 3131 3137 3171
f 3199 3189 3165
f 3165 3171 3199
f 3210 3201 3189
f 3189 3199 3210
f 2299 2296 1789
f 1789 1786 2299
f 2467 2463 2296
f 2296 2299 2467
f 2644 2635 2463
f 2463 2467 2644
f 2786 2782 2635
f 2635 2644 2786
f 2964 2956 2782
f 2782 2786 2964
f 3069 3065 2956
f 2956 2964 3069
f 3141 3137 3065
f 3065 3069 3141
f 3177 3171 3137
f 3137 3141 3177
f 3204 3199 3171
f 3171 3177 3204
f 3214 3210 3199
f 3199 3204 3214
f 3194 3202 3213
f 3213 3207 3194
f 3166 3175 3202
f 3202 3194 3166
f 3134 3139 3175
f 3175 3166 3134
f 3060 3067 3139
f 3139 3134 3060
f 2953 2962 3067
f 3067 3060 2953
f 2777 2784 2962
f 2962 2953 2777
f 2629 2643 2784
f 2784 2777 2629
f 2460 2465 2643
f 2643 2629 2460
f 2293 2298 2465
f 2465 2460 2293
f 1696 1785 2298
f 2298 2293 1696
f 3180 3194 3207
f 3207 3190 3180
f 3158 3166 3194
f 3194 3180 3158
f 3124 3134 3166
f 3166 3158 3124
f 3050 3060 3134
f 3134 3124 3050
f 2927 2953 3060
f 3060 3050 2927
f 2767 2777 2953
f 2953 2927 2767
f 2619 2629 2777
f 2777 2767 2619
f 2454 2460 2629
f 2629 2619 2454
f 2283 2293 2460
f 2460 2454 2283
f 1695 1696 2293
f 2293 2283 1695
f 3160 3180 3190
f 3190 3168 3160
f 3144 3158 3180
f 3180 3160 3144
f 3086 3124 3158
f 3158 3144 3086
f 3032 3050 3124
f 3124 3086 3032
f 2891 2927 3050
f 3050 3032 2891
f 2739 2767 2927
f 2927 2891 2739
f 2597 2619 2767
f 2767 2739 2597
f 2448 2454 2619
f 2619 2597 2448
f 2265 2283 2454
f 2454 2448 2265
f 1707 1695 2283
f 2283 2265 1707
f 3146 3160 3168
f 3168 3152 3146
f 3122 3144 3160
f 3160 3146 3122
f 3070 3086 3144
f 3144 3122 3070
f 2998 3032 3086
f 3086 3070 2998
f 2853 2891 3032
f 3032 2998 2853
f 2717 2739 2891
f 2891 2853 2717
f 2582 2597 2739
f 2739 2717 2582
f 2434 2448 2597
f 2597 2582 2434
f 2251 2265 2448
f 2448 2434 2251
f 1907 1707 2265
f 2265 2251 1907
f 3120 3146 3152
f 3152 3126 3120
f 3082 3122 3146
f 3146 3120 3082
f 3042 3070 3122
f 3122 3082 3042
f 2957 2998 3070
f 3070 3042 2957
f 2825 2853 2998
f 2998 2957 2825
f 2693 2717 2853
f 2853 2825 2693
f 2556 2582 2717
f 2717 2693 2556
f 2424 2434 2582
f 2582 2556 2424
f 2239 2251 2434
f 2434 2424 2239
f 1906 1907 2251
f 2251 2239 1906
f 3080 3120 3126
f 3126 3084 3080
f 3056 3082 3120
f 3120 3080 3056
f 3012 3042 3082
f 3082 3056 3012
f 2899 2957 3042
f 3042 3012 2899
f 2789 2825 2957
f 2957 2899 2789
f 2675 2693 2825
f 2825 2789 2675
f 2545 2556 2693
f 2693 2675 2545
f 2416 2424 2556
f 2556 2545 2416
f 2228 2239 2424
f 2424 2416 2228
f 1770 1906 2239
f 2239 2228 1770
f 3053 3080 3084
f 3084 3062 3053
f 3028 3056 3080
f 3080 3053 3028
f 2978 3012 3056
f 3056 3028 2978
f 2860 2899 3012
f 3012 2978 2860
f 2754 2789 2899
f 2899 2860 2754
f 2652 2675 2789
f 2789 2754 2652
f 2534 2545 2675
f 2675 2652 2534
f 2406 2416 2545
f 2545 2534 2406
f 2217 2228 2416
f 2416 2406 2217
f 1929 1770 2228
f 2228 2217 1929
f 3035 3053 3062
f 3062 3039 3035
f 2997 3028 3053
f 3053 3035 2997
f 2920 2978 3028
f 3028 2997 2920
f 2832 2860 2978
f 2978 2920 2832
f 2728 2754 2860
f 2860 2832 2728
f 2634 2652 2754
f 2754 2728 2634
f 2528 2534 2652
f 2652 2634 2528
f 2396 2406 2534
f 2534 2528 2396
f 2202 2217 2406
f 2406 2396 2202
f 1765 1929 2217
f 2217 2202 1765
f 3017 3035 3039
f 3039 3027 3017
f 2980 2997 3035
f 3035 3017 2980
f 2896 2920 2997
f 2997 2980 2896
f 2812 2832 2920
f 2920 2896 2812
f 2715 2728 2832
f 2832 2812 2715
f 2618 2634 2728
f 2728 2715 2618
f 2523 2528 2634
f 2634 2618 2523
f 2392 2396 2528
f 2528 2523 2392
f 2196 2202 2396
f 2396 2392 2196
f 1724 1765 2202
f 2202 2196 1724
f 3007 3017 3027
f 3027 3023 3007
f 2969 2980 3017
f 3017 3007 2969
f 2887 2896 2980
f 2980 2969 2887
f 2802 2812 2896
f 2896 2887 2802
f 2709 2715 2812
f 2812 2802 2709
f 2609 2618 2715
f 2715 2709 2609
f 2519 2523 2618
f 2618 2609 2519
f 2386 2392 2523
f 2523 2519 2386
f 2190 2196 2392
f 2392 2386 2190
f 1759 1724 2196
f 2196 2190 1759
f 1329 1324 1785
f 1785 1782 1329
f 1162 1157 1324
f 1324 1329 1162
f 993 982 1157
f 1157 1162 993
f 845 838 982
f 982 993 845
f 669 660 838
f 838 845 669
f 542 535 660
f 660 669 542
f 490 485 535
f 535 542 490
f 438 429 485
f 485 490 438
f 404 396 429
f 429 438 404
f 387 376 396
f 396 404 387
f 1339 1329 1782
f 1782 1780 1339
f 1168 1162 1329
f 1329 1339 1168
f 1003 993 1162
f 1162 1168 1003
f 855 845 993
f 993 1003 855
f 695 669 845
f 845 855 695
f 559 542 669
f 669 695 559
f 500 490 542
f 542 559 500
f 446 438 490
f 490 500 446
f 416 404 438
f 438 446 416
f 408 387 404
f 404 416 408
f 1357 1339 1780
f 1780 1778 1357
f 1174 1168 1339
f 1339 1357 1174
f 1025 1003 1168
f 1168 1174 1025
f 883 855 1003
f 1003 1025 883
f 731 695 855
f 855 883 731
f 583 559 695
f 695 731 583
f 516 500 559
f 559 583 516
f 467 446 500
f 500 516 467
f 444 416 446
f 446 467 444
f 436 408 416
f 416 444 436
f 1371 1357 1778
f 1778 1776 1371
f 1188 1174 1357
f 1357 1371 1188
f 1042 1025 1174
f 1174 1188 1042
f 905 883 1025
f 1025 1042 905
f 769 731 883
f 883 905 769
f 624 583 731
f 731 769 624
f 532 516 583
f 583 624 532
f 502 467 516
f 516 532 502
f 459 444 467
f 467 502 459
f 452 436 444
f 444 459 452
f 1383 1371 1776
f 1776 1774 1383
f 1198 1188 1371
f 1371 1383 1198
f 1068 1042 1188
f 1188 1198 1068
f 929 905 1042
f 1042 1068 929
f 797 769 905
f 905 929 797
f 665 624 769
f 769 797 665
f 569 532 624
f 624 665 569
f 520 502 532
f 532 569 520
f 504 459 502
f 502 520 504
f 498 452 459
f 459 504 498
f 1394 1383 1774
f 1774 1771 1394
f 1206 1198 1383
f 1383 1394 1206
f 1077 1068 1198
f 1198 1206 1077
f 947 929 1068
f 1068 1077 947
f 833 797 929
f 929 947 833
f 723 665 797
f 797 833 723
f 610 569 665
f 665 723 610
f 549 520 569
f 569 610 549
f 522 504 520
f 520 549 522
f 518 498 504
f 504 522 518
f 1407 1394 1771
f 1771 1768 1407
f 1216 1206 1394
f 1394 1407 1216
f 1090 1077 1206
f 1206 1216 1090
f 972 947 1077
f 1077 1090 972
f 870 833 947
f 947 972 870
f 764 723 833
f 833 870 764
f 646 610 723
f 723 764 646
f 587 549 610
f 610 646 587
f 556 522 549
f 549 587 556
f 540 518 522
f 522 556 540
f 1420 1407 1768
f 1768 1764 1420
f 1226 1216 1407
f 1407 1420 1226
f 1096 1090 1216
f 1216 1226 1096
f 990 972 1090
f 1090 1096 990
f 896 870 972
f 972 990 896
f 792 764 870
f 870 896 792
f 704 646 764
f 764 792 704
f 627 587 646
f 646 704 627
f 582 556 587
f 587 627 582
f 574 540 556
f 556 582 574
f 1426 1420 1764
f 1764 1762 1426
f 1230 1226 1420
f 1420 1426 1230
f 1101 1096 1226
f 1226 1230 1101
f 1006 990 1096
f 1096 1101 1006
f 907 896 990
f 990 1006 907
f 812 792 896
f 896 907 812
f 728 704 792
f 792 812 728
f 644 627 704
f 704 728 644
f 607 582 627
f 627 644 607
f 592 574 582
f 582 607 592
f 1430 1426 1762
f 1762 1758 1430
f 1234 1230 1426
f 1426 1430 1234
f 1107 1101 1230
f 1230 1234 1107
f 1012 1006 1101
f 1101 1107 1012
f 912 907 1006
f 1006 1012 912
f 819 812 907
f 907 912 819
f 738 728 812
f 812 819 738
f 651 644 728
f 728 738 651
f 618 607 644
f 644 651 618
f 601 592 607
f 607 618 601
f 405 397 376
f 376 388 405
f 439 430 397
f 397 405 439
f 491 486 430
f 430 439 491
f 543 536 486
f 486 491 543
f 670 661 536
f 536 543 670
f 846 839 661
f 661 670 846
f 994 980 839
f 839 846 994
f 1163 1158 980
f 980 994 1163
f 1330 1325 1158
f 1158 1163 1330
f 1926 1786 1325
f 1325 1330 1926
f 417 405 388
f 388 409 417
f 447 439 405
f 405 417 447
f 501 491 439
f 439 447 501
f 560 543 491
f 491 501 560
f 696 670 543
f 543 560 696
f 856 846 670
f 670 696 856
f 1004 994 846
f 846 856 1004
f 1169 1163 994
f 994 1004 1169
f 1340 1330 1163
f 1163 1169 1340
f 1925 1926 1330
f 1330 1340 1925
f 445 417 409
f 409 437 445
f 468 447 417
f 417 445 468
f 517 501 447
f 447 468 517
f 584 560 501
f 501 517 584
f 732 696 560
f 560 584 732
f 884 856 696
f 696 732 884
f 1026 1004 856
f 856 884 1026
f 1175 1169 1004
f 1004 1026 1175
f 1358 1340 1169
f 1169 1175 1358
f 1908 1925 1340
f 1340 1358 1908
f 460 445 437
f 437 453 460
f 503 468 445
f 445 460 503
f 533 517 468
f 468 503 533
f 625 584 517
f 517 533 625
f 770 732 584
f 584 625 770
f 906 884 732
f 732 770 906
f 1041 1026 884
f 884 906 1041
f 1189 1175 1026
f 1026 1041 1189
f 1372 1358 1175
f 1175 1189 1372
f 1706 1908 1358
f 1358 1372 1706
f 505 460 453
f 453 499 505
f 521 503 460
f 460 505 521
f 570 533 503
f 503 521 570
f 666 625 533
f 533 570 666
f 798 770 625
f 625 666 798
f 930 906 770
f 770 798 930
f 1067 1041 906
f 906 930 1067
f 1199 1189 1041
f 1041 1067 1199
f 1384 1372 1189
f 1189 1199 1384
f 1705 1706 1372
f 1372 1384 1705
f 523 505 499
f 499 519 523
f 550 521 505
f 505 523 550
f 611 570 521
f 521 550 611
f 724 666 570
f 570 611 724
f 834 798 666
f 666 724 834
f 948 930 798
f 798 834 948
f 1078 1067 930
f 930 948 1078
f 1207 1199 1067
f 1067 1078 1207
f 1395 1384 1199
f 1199 1207 1395
f 1773 1705 1384
f 1384 1395 1773
f 555 523 519
f 519 541 555
f 588 550 523
f 523 555 588
f 645 611 550
f 550 588 645
f 763 724 611
f 611 645 763
f 869 834 724
f 724 763 869
f 971 948 834
f 834 869 971
f 1089 1078 948
f 948 971 1089
f 1217 1207 1078
f 1078 1089 1217
f 1406 1395 1207
f 1207 1217 1406
f 1692 1773 1395
f 1395 1406 1692
f 581 555 541
f 541 573 581
f 626 588 555
f 555 581 626
f 703 645 588
f 588 626 703
f 791 763 645
f 645 703 791
f 895 869 763
f 763 791 895
f 989 971 869
f 869 895 989
f 1095 1089 971
f 971 989 1095
f 1227 1217 1089
f 1089 1095 1227
f 1421 1406 1217
f 1217 1227 1421
f 1766 1692 1406
f 1406 1421 1766
f 606 581 573
f 573 591 606
f 643 626 581
f 581 606 643
f 727 703 626
f 626 643 727
f 811 791 703
f 703 727 811
f 908 895 791
f 791 811 908
f 1005 989 895
f 895 908 1005
f 1100 1095 989
f 989 1005 1100
f 1231 1227 1095
f 1095 1100 1231
f 1427 1421 1227
f 1227 1231 1427
f 1897 1766 1421
f 1421 1427 1897
f 615 606 591
f 591 598 615
f 653 643 606
f 606 615 653
f 735 727 643
f 643 653 735
f 820 811 727
f 727 735 820
f 913 908 811
f 811 820 913
f 1013 1005 908
f 908 913 1013
f 1103 1100 1005
f 1005 1013 1103
f 1236 1231 1100
f 1100 1103 1236
f 1432 1427 1231
f 1231 1236 1432
f 1760 1897 1427
f 1427 1432 1760
f 2294 2299 1786
f 1786 1783 2294
f 2461 2466 2299
f 2299 2294 2461
f 2630 2641 2466
f 2466 2461 2630
f 2778 2785 2641
f 2641 2630 2778
f 2954 2963 2785
f 2785 2778 2954
f 3061 3068 2963
f 2963 2954 3061
f 3135 3140 3068
f 3068 3061 3135
f 3167 3176 3140
f 3140 3135 3167
f 3195 3203 3176
f 3176 3167 3195
f 3208 3213 3203
f 3203 3195 3208
f 2284 2294 1783
f 1783 1781 2284
f 2455 2461 2294
f 2294 2284 2455
f 2620 2630 2461
f 2461 2455 2620
f 2768 2778 2630
f 2630 2620 2768
f 2928 2954 2778
f 2778 2768 2928
f 3051 3061 2954
f 2954 2928 3051
f 3125 3135 3061
f 3061 3051 3125
f 3159 3167 3135
f 3135 3125 3159
f 3181 3195 3167
f 3167 3159 3181
f 3191 3208 3195
f 3195 3181 3191
f 2266 2284 1781
f 1781 1779 2266
f 2449 2455 2284
f 2284 2266 2449
f 2598 2620 2455
f 2455 2449 2598
f 2740 2768 2620
f 2620 2598 2740
f 2892 2928 2768
f 2768 2740 2892
f 3033 3051 2928
f 2928 2892 3033
f 3087 3125 3051
f 3051 3033 3087
f 3145 3159 3125
f 3125 3087 3145
f 3161 3181 3159
f 3159 3145 3161
f 3169 3191 3181
f 3181 3161 3169
f 2252 2266 1779
f 1779 1777 2252
f 2435 2449 2266
f 2266 2252 2435
f 2581 2598 2449
f 2449 2435 2581
f 2718 2740 2598
f 2598 2581 2718
f 2854 2892 2740
f 2740 2718 2854
f 2999 3033 2892
f 2892 2854 2999
f 3071 3087 3033
f 3033 2999 3071
f 3123 3145 3087
f 3087 3071 3123
f 3147 3161 3145
f 3145 3123 3147
f 3153 3169 3161
f 3161 3147 3153
f 2240 2252 1777
f 1777 1775 2240
f 2425 2435 2252
f 2252 2240 2425
f 2555 2581 2435
f 2435 2425 2555
f 2694 2718 2581
f 2581 2555 2694
f 2826 2854 2718
f 2718 2694 2826
f 2958 2999 2854
f 2854 2826 2958
f 3043 3071 2999
f 2999 2958 3043
f 3083 3123 3071
f 3071 3043 3083
f 3121 3147 3123
f 3123 3083 3121
f 3127 3153 3147
f 3147 3121 3127
f 2229 2240 1775
f 1775 1772 2229
f 2417 2425 2240
f 2240 2229 2417
f 2546 2555 2425
f 2425 2417 2546
f 2676 2694 2555
f 2555 2546 2676
f 2790 2826 2694
f 2694 2676 2790
f 2900 2958 2826
f 2826 2790 2900
f 3013 3043 2958
f 2958 2900 3013
f 3057 3083 3043
f 3043 3013 3057
f 3081 3121 3083
f 3083 3057 3081
f 3085 3127 3121
f 3121 3081 3085
f 2216 2229 1772
f 1772 1769 2216
f 2407 2417 2229
f 2229 2216 2407
f 2533 2546 2417
f 2417 2407 2533
f 2651 2676 2546
f 2546 2533 2651
f 2753 2790 2676
f 2676 2651 2753
f 2859 2900 2790
f 2790 2753 2859
f 2977 3013 2900
f 2900 2859 2977
f 3029 3057 3013
f 3013 2977 3029
f 3052 3081 3057
f 3057 3029 3052
f 3063 3085 3081
f 3081 3052 3063
f 2203 2216 1769
f 1769 1767 2203
f 2397 2407 2216
f 2216 2203 2397
f 2527 2533 2407
f 2407 2397 2527
f 2633 2651 2533
f 2533 2527 2633
f 2727 2753 2651
f 2651 2633 2727
f 2831 2859 2753
f 2753 2727 2831
f 2919 2977 2859
f 2859 2831 2919
f 2996 3029 2977
f 2977 2919 2996
f 3034 3052 3029
f 3029 2996 3034
f 3038 3063 3052
f 3052 3034 3038
f 2197 2203 1767
f 1767 1763 2197
f 2393 2397 2203
f 2203 2197 2393
f 2522 2527 2397
f 2397 2393 2522
f 2617 2633 2527
f 2527 2522 2617
f 2716 2727 2633
f 2633 2617 2716
f 2811 2831 2727
f 2727 2716 2811
f 2895 2919 2831
f 2831 2811 2895
f 2979 2996 2919
f 2919 2895 2979
f 3016 3034 2996
f 2996 2979 3016
f 3026 3038 3034
f 3034 3016 3026
f 2193 2197 1763
f 1763 1761 2193
f 2389 2393 2197
f 2197 2193 2389
f 2516 2522 2393
f 2393 2389 2516
f 2610 2617 2522
f 2522 2516 2610
f 2710 2716 2617
f 2617 2610 2710
f 2803 2811 2716
f 2716 2710 2803
f 2885 2895 2811
f 2811 2803 2885
f 2971 2979 2895
f 2895 2885 2971
f 3005 3016 2979
f 2979 2971 3005
f 3022 3026 3016
f 3016 3005 3022
f 461 545 544
f 544 456 461
f 463 551 545
f 545 461 463
f 465 557 551
f 551 463 465
f 469 567 557
f 557 465 469
f 471 575 567
f 567 469 471
f 473 577 575
f 575 471 473
f 475 589 577
f 577 473 475
f 477 593 589
f 589 475 477
f 479 595 593
f 593 477 479
f 481 599 595
f 595 479 481
f 389 461 456
f 456 392 389
f 386 463 461
f 461 389 386
f 379 465 463
f 463 386 379
f 373 469 465
f 465 379 373
f 371 471 469
f 469 373 371
f 369 473 471
f 471 371 369
f 366 475 473
f 473 369 366
f 364 477 475
f 475 366 364
f 362 479 477
f 477 364 362
f 361 481 479
f 479 362 361
f 335 389 392
f 392 337 335
f 333 386 389
f 389 335 333
f 331 379 386
f 386 333 331
f 329 373 379
f 379 331 329
f 328 371 373
f 373 329 328
f 325 369 371
f 371 328 325
f 323 366 369
f 369 325 323
f 321 364 366
f 366 323 321
f 319 362 364
f 364 321 319
f 316 361 362
f 362 319 316
f 298 335 337
f 337 302 298
f 290 333 335
f 335 298 290
f 288 331 333
f 333 290 288
f 286 329 331
f 331 288 286
f 281 328 329
f 329 286 281
f 275 325 328
f 328 281 275
f 265 323 325
f 325 275 265
f 259 321 323
f 323 265 259
f 255 319 321
f 321 259 255
f 249 316 319
f 319 255 249
f 269 298 302
f 302 271 269
f 261 290 298
f 298 269 261
f 251 288 290
f 290 261 251
f 238 286 288
f 288 251 238
f 230 281 286
f 286 238 230
f 218 275 281
f 281 230 218
f 208 265 275
f 275 218 208
f 196 259 265
f 265 208 196
f 186 255 259
f 259 196 186
f 181 249 255
f 255 186 181
f 228 269 271
f 271 234 228
f 222 261 269
f 269 228 222
f 212 251 261
f 261 222 212
f 200 238 251
f 251 212 200
f 177 230 238
f 238 200 177
f 160 218 230
f 230 177 160
f 134 208 218
f 218 160 134
f 112 196 208
f 208 134 112
f 102 186 196
f 196 112 102
f 96 181 186
f 186 102 96
f 198 228 234
f 234 205 198
f 182 222 228
f 228 198 182
f 168 212 222
f 222 182 168
f 146 200 212
f 212 168 146
f 118 177 200
f 200 146 118
f 92 160 177
f 177 118 92
f 74 134 160
f 160 92 74
f 63 112 134
f 134 74 63
f 53 102 112
f 112 63 53
f 50 96 102
f 102 53 50
f 167 198 205
f 205 170 167
f 154 182 198
f 198 167 154
f 126 168 182
f 182 154 126
f 100 146 168
f 168 126 100
f 83 118 146
f 146 100 83
f 61 92 118
f 118 83 61
f 46 74 92
f 92 61 46
f 32 63 74
f 74 46 32
f 25 53 63
f 63 32 25
f 21 50 53
f 53 25 21
f 143 167 170
f 170 150 143
f 124 154 167
f 167 143 124
f 104 126 154
f 154 124 104
f 84 100 126
f 126 104 84
f 65 83 100
f 100 84 65
f 44 61 83
f 83 65 44
f 30 46 61
f 61 44 30
f 17 32 46
f 46 30 17
f 9 25 32
f 32 17 9
f 5 21 25
f 25 9 5
f 132 143 150
f 150 140 132
f 116 124 143
f 143 132 116
f 94 104 124
f 124 116 94
f 76 84 104
f 104 94 76
f 55 65 84
f 84 76 55
f 40 44 65
f 65 55 40
f 22 30 44
f 44 40 22
f 11 17 30
f 30 22 11
f 2 9 17
f 17 11 2
f 1 5 9
f 9 2 1
f 480 596 599
f 599 481 480
f 478 594 596
f 596 480 478
f 476 590 594
f 594 478 476
f 474 578 590
f 590 476 474
f 472 576 578
f 578 474 472
f 470 568 576
f 576 472 470
f 466 558 568
f 568 470 466
f 464 552 558
f 558 466 464
f 462 546 552
f 552 464 462
f 456 544 546
f 546 462 456
f 363 480 481
f 481 360 363
f 365 478 480
f 480 363 365
f 367 476 478
f 478 365 367
f 368 474 476
f 476 367 368
f 370 472 474
f 474 368 370
f 372 470 472
f 472 370 372
f 380 466 470
f 470 372 380
f 385 464 466
f 466 380 385
f 390 462 464
f 464 385 390
f 391 456 462
f 462 390 391
f 320 363 360
f 360 316 320
f 322 365 363
f 363 320 322
f 324 367 365
f 365 322 324
f 326 368 367
f 367 324 326
f 327 370 368
f 368 326 327
f 330 372 370
f 370 327 330
f 332 380 372
f 372 330 332
f 334 385 380
f 380 332 334
f 336 390 385
f 385 334 336
f 337 391 390
f 390 336 337
f 256 320 316
f 316 250 256
f 260 322 320
f 320 256 260
f 266 324 322
f 322 260 266
f 276 326 324
f 324 266 276
f 282 327 326
f 326 276 282
f 287 330 327
f 327 282 287
f 289 332 330
f 330 287 289
f 291 334 332
f 332 289 291
f 299 336 334
f 334 291 299
f 303 337 336
f 336 299 303
f 187 256 250
f 250 181 187
f 197 260 256
f 256 187 197
f 209 266 260
f 260 197 209
f 219 276 266
f 266 209 219
f 231 282 276
f 276 219 231
f 239 287 282
f 282 231 239
f 252 289 287
f 287 239 252
f 262 291 289
f 289 252 262
f 270 299 291
f 291 262 270
f 272 303 299
f 299 270 272
f 103 187 181
f 181 97 103
f 113 197 187
f 187 103 113
f 135 209 197
f 197 113 135
f 161 219 209
f 209 135 161
f 178 231 219
f 219 161 178
f 201 239 231
f 231 178 201
f 213 252 239
f 239 201 213
f 223 262 252
f 252 213 223
f 229 270 262
f 262 223 229
f 235 272 270
f 270 229 235
f 54 103 97
f 97 50 54
f 64 113 103
f 103 54 64
f 75 135 113
f 113 64 75
f 93 161 135
f 135 75 93
f 119 178 161
f 161 93 119
f 147 201 178
f 178 119 147
f 169 213 201
f 201 147 169
f 183 223 213
f 213 169 183
f 199 229 223
f 223 183 199
f 205 235 229
f 229 199 205
f 24 54 50
f 50 21 24
f 33 64 54
f 54 24 33
f 47 75 64
f 64 33 47
f 62 93 75
f 75 47 62
f 82 119 93
f 93 62 82
f 101 147 119
f 119 82 101
f 127 169 147
f 147 101 127
f 155 183 169
f 169 127 155
f 166 199 183
f 183 155 166
f 171 205 199
f 199 166 171
f 10 24 21
f 21 6 10
f 18 33 24
f 24 10 18
f 31 47 33
f 33 18 31
f 45 62 47
f 47 31 45
f 66 82 62
f 62 45 66
f 85 101 82
f 82 66 85
f 105 127 101
f 101 85 105
f 125 155 127
f 127 105 125
f 144 166 155
f 155 125 144
f 151 171 166
f 166 144 151
f 3 10 6
f 6 1 3
f 12 18 10
f 10 3 12
f 23 31 18
f 18 12 23
f 41 45 31
f 31 23 41
f 56 66 45
f 45 41 56
f 77 85 66
f 66 56 77
f 95 105 85
f 85 77 95
f 117 125 105
f 105 95 117
f 133 144 125
f 125 117 133
f 140 151 144
f 144 133 140
f 138 132 140
f 140 145 138
f 122 116 132
f 132 138 122
f 98 94 116
f 116 122 98
f 80 76 94
f 94 98 80
f 60 55 76
f 76 80 60
f 42 40 55
f 55 60 42
f 28 22 40
f 40 42 28
f 13 11 22
f 22 28 13
f 7 2 11
f 11 13 7
f 4 1 2
f 2 7 4
f 152 138 145
f 145 158 152
f 136 122 138
f 138 152 136
f 108 98 122
f 122 136 108
f 89 80 98
f 98 108 89
f 70 60 80
f 80 89 70
f 52 42 60
f 60 70 52
f 38 28 42
f 42 52 38
f 26 13 28
f 28 38 26
f 19 7 13
f 13 26 19
f 15 4 7
f 7 19 15
f 173 152 158
f 158 176 173
f 162 136 152
f 152 173 162
f 142 108 136
f 136 162 142
f 111 89 108
f 108 142 111
f 91 70 89
f 89 111 91
f 73 52 70
f 70 91 73
f 58 38 52
f 52 73 58
f 48 26 38
f 38 58 48
f 37 19 26
f 26 48 37
f 35 15 19
f 19 37 35
f 194 173 176
f 176 202 194
f 184 162 173
f 173 194 184
f 174 142 162
f 162 184 174
f 156 111 142
f 142 174 156
f 128 91 111
f 111 156 128
f 106 73 91
f 91 128 106
f 86 58 73
f 73 106 86
f 78 48 58
f 58 86 78
f 68 37 48
f 48 78 68
f 67 35 37
f 37 68 67
f 221 194 202
f 202 225 221
f 216 184 194
f 194 221 216
f 206 174 184
f 184 216 206
f 192 156 174
f 174 206 192
f 180 128 156
f 156 192 180
f 164 106 128
f 128 180 164
f 148 86 106
f 106 164 148
f 130 78 86
f 86 148 130
f 121 68 78
f 78 130 121
f 115 67 68
f 68 121 115
f 244 221 225
f 225 247 244
f 240 216 221
f 221 244 240
f 236 206 216
f 216 240 236
f 233 192 206
f 206 236 233
f 227 180 192
f 192 233 227
f 215 164 180
f 180 227 215
f 210 148 164
f 164 215 210
f 203 130 148
f 148 210 203
f 191 121 130
f 130 203 191
f 188 115 121
f 121 191 188
f 284 244 247
f 247 285 284
f 279 240 244
f 244 284 279
f 277 236 240
f 240 279 277
f 273 233 236
f 236 277 273
f 267 227 233
f 233 273 267
f 263 215 227
f 227 267 263
f 258 210 215
f 215 263 258
f 253 203 210
f 210 258 253
f 245 191 203
f 203 253 245
f 242 188 191
f 191 245 242
f 315 284 285
f 285 318 315
f 312 279 284
f 284 315 312
f 311 277 279
f 279 312 311
f 309 273 277
f 277 311 309
f 307 267 273
f 273 309 307
f 305 263 267
f 267 307 305
f 301 258 263
f 263 305 301
f 297 253 258
f 258 301 297
f 295 245 253
f 253 297 295
f 293 242 245
f 245 295 293
f 341 315 318
f 318 339 341
f 343 312 315
f 315 341 343
f 345 311 312
f 312 343 345
f 347 309 311
f 311 345 347
f 349 307 309
f 309 347 349
f 351 305 307
f 307 349 351
f 353 301 305
f 305 351 353
f 355 297 301
f 301 353 355
f 357 295 297
f 297 355 357
f 359 293 295
f 295 357 359
f 378 341 339
f 339 376 378
f 384 343 341
f 341 378 384
f 394 345 343
f 343 384 394
f 403 347 345
f 345 394 403
f 406 349 347
f 347 403 406
f 415 351 349
f 349 406 415
f 419 353 351
f 351 415 419
f 423 355 353
f 353 419 423
f 425 357 355
f 355 423 425
f 427 359 357
f 357 425 427
f 8 3 1
f 1 4 8
f 14 12 3
f 3 8 14
f 29 23 12
f 12 14 29
f 43 41 23
f 23 29 43
f 59 56 41
f 41 43 59
f 81 77 56
f 56 59 81
f 99 95 77
f 77 81 99
f 123 117 95
f 95 99 123
f 139 133 117
f 117 123 139
f 145 140 133
f 133 139 145
f 20 8 4
f 4 16 20
f 27 14 8
f 8 20 27
f 39 29 14
f 14 27 39
f 51 43 29
f 29 39 51
f 71 59 43
f 43 51 71
f 88 81 59
f 59 71 88
f 109 99 81
f 81 88 109
f 137 123 99
f 99 109 137
f 153 139 123
f 123 137 153
f 159 145 139
f 139 153 159
f 36 20 16
f 16 34 36
f 49 27 20
f 20 36 49
f 57 39 27
f 27 49 57
f 72 51 39
f 39 57 72
f 90 71 51
f 51 72 90
f 110 88 71
f 71 90 110
f 141 109 88
f 88 110 141
f 163 137 109
f 109 141 163
f 172 153 137
f 137 163 172
f 176 159 153
f 153 172 176
f 69 36 34
f 34 67 69
f 79 49 36
f 36 69 79
f 87 57 49
f 49 79 87
f 107 72 57
f 57 87 107
f 129 90 72
f 72 107 129
f 157 110 90
f 90 129 157
f 175 141 110
f 110 157 175
f 185 163 141
f 141 175 185
f 195 172 163
f 163 185 195
f 202 176 172
f 172 195 202
f 120 69 67
f 67 114 120
f 131 79 69
f 69 120 131
f 149 87 79
f 79 131 149
f 165 107 87
f 87 149 165
f 179 129 107
f 107 165 179
f 193 157 129
f 129 179 193
f 207 175 157
f 157 193 207
f 217 185 175
f 175 207 217
f 220 195 185
f 185 217 220
f 224 202 195
f 195 220 224
f 190 120 114
f 114 189 190
f 204 131 120
f 120 190 204
f 211 149 131
f 131 204 211
f 214 165 149
f 149 211 214
f 226 179 165
f 165 214 226
f 232 193 179
f 179 226 232
f 237 207 193
f 193 232 237
f 241 217 207
f 207 237 241
f 243 220 217
f 217 241 243
f 248 224 220
f 220 243 248
f 246 190 189
f 189 242 246
f 254 204 190
f 190 246 254
f 257 211 204
f 204 254 257
f 264 214 211
f 211 257 264
f 268 226 214
f 214 264 268
f 274 232 226
f 226 268 274
f 278 237 232
f 232 274 278
f 280 241 237
f 237 278 280
f 283 243 241
f 241 280 283
f 285 248 243
f 243 283 285
f 294 246 242
f 242 292 294
f 296 254 246
f 246 294 296
f 300 257 254
f 254 296 300
f 304 264 257
f 257 300 304
f 306 268 264
f 264 304 306
f 308 274 268
f 268 306 308
f 310 278 274
f 274 308 310
f 313 280 278
f 278 310 313
f 314 283 280
f 280 313 314
f 317 285 283
f 283 314 317
f 356 294 292
f 292 358 356
f 354 296 294
f 294 356 354
f 352 300 296
f 296 354 352
f 350 304 300
f 300 352 350
f 348 306 304
f 304 350 348
f 346 308 306
f 306 348 346
f 344 310 308
f 308 346 344
f 342 313 310
f 310 344 342
f 340 314 313
f 313 342 340
f 338 317 314
f 314 340 338
f 424 356 358
f 358 426 424
f 422 354 356
f 356 424 422
f 418 352 354
f 354 422 418
f 414 350 352
f 352 418 414
f 407 348 350
f 350 414 407
f 402 346 348
f 348 407 402
f 393 344 346
f 346 402 393
f 383 342 344
f 344 393 383
f 377 340 342
f 342 383 377
f 375 338 340
f 340 377 375
f 3186 3113 3115
f 3115 3182 3186
f 3192 3110 3113
f 3113 3186 3192
f 3196 3109 3110
f 3110 3192 3196
f 3205 3106 3109
f 3109 3196 3205
f 3211 3104 3106
f 3106 3205 3211
f 3215 3102 3104
f 3104 3211 3215
f 3217 3101 3102
f 3102 3215 3217
f 3220 3098 3101
f 3101 3217 3220
f 3222 3097 3098
f 3098 3220 3222
f 3223 3095 3097
f 3097 3222 3223
f 3227 3186 3182
f 3182 3225 3227
f 3229 3192 3186
f 3186 3227 3229
f 3231 3196 3192
f 3192 3229 3231
f 3233 3205 3196
f 3196 3231 3233
f 3235 3211 3205
f 3205 3233 3235
f 3241 3215 3211
f 3211 3235 3241
f 3245 3217 3215
f 3215 3241 3245
f 3249 3220 3217
f 3217 3245 3249
f 3251 3222 3220
f 3220 3249 3251
f 3253 3223 3222
f 3222 3251 3253
f 3239 3227 3225
f 3225 3237 3239
f 3243 3229 3227
f 3227 3239 3243
f 3247 3231 3229
f 3229 3243 3247
f 3257 3233 3231
f 3231 3247 3257
f 3263 3235 3233
f 3233 3257 3263
f 3271 3241 3235
f 3235 3263 3271
f 3279 3245 3241
f 3241 3271 3279
f 3285 3249 3245
f 3245 3279 3285
f 3293 3251 3249
f 3249 3285 3293
f 3297 3253 3251
f 3251 3293 3297
f 3259 3239 3237
f 3237 3255 3259
f 3261 3243 3239
f 3239 3259 3261
f 3265 3247 3243
f 3243 3261 3265
f 3275 3257 3247
f 3247 3265 3275
f 3287 3263 3257
f 3257 3275 3287
f 3303 3271 3263
f 3263 3287 3303
f 3314 3279 3271
f 3271 3303 3314
f 3320 3285 3279
f 3279 3314 3320
f 3330 3293 3285
f 3285 3320 3330
f 3332 3297 3293
f 3293 3330 3332
f 3270 3259 3255
f 3255 3268 3270
f 3273 3261 3259
f 3259 3270 3273
f 3283 3265 3261
f 3261 3273 3283
f 3299 3275 3265
f 3265 3283 3299
f 3308 3287 3275
f 3275 3299 3308
f 3322 3303 3287
f 3287 3308 3322
f 3338 3314 3303
f 3303 3322 3338
f 3346 3320 3314
f 3314 3338 3346
f 3351 3330 3320
f 3320 3346 3351
f 3355 3332 3330
f 3330 3351 3355
f 3282 3270 3268
f 3268 3278 3282
f 3290 3273 3270
f 3270 3282 3290
f 3302 3283 3273
f 3273 3290 3302
f 3312 3299 3283
f 3283 3302 3312
f 3324 3308 3299
f 3299 3312 3324
f 3340 3322 3308
f 3308 3324 3340
f 3353 3338 3322
f 3322 3340 3353
f 3368 3346 3338
f 3338 3353 3368
f 3373 3351 3346
f 3346 3368 3373
f 3379 3355 3351
f 3351 3373 3379
f 3295 3282 3278
f 3278 3292 3295
f 3306 3290 3282
f 3282 3295 3306
f 3316 3302 3290
f 3290 3306 3316
f 3326 3312 3302
f 3302 3316 3326
f 3345 3324 3312
f 3312 3326 3345
f 3359 3340 3324
f 3324 3345 3359
f 3376 3353 3340
f 3340 3359 3376
f 3394 3368 3353
f 3353 3376 3394
f 3404 3373 3368
f 3368 3394 3404
f 3406 3379 3373
f 3373 3404 3406
f 3310 3295 3292
f 3292 3307 3310
f 3318 3306 3295
f 3295 3310 3318
f 3336 3316 3306
f 3306 3318 3336
f 3348 3326 3316
f 3316 3336 3348
f 3369 3345 3326
f 3326 3348 3369
f 3389 3359 3345
f 3345 3369 3389
f 3425 3376 3359
f 3359 3389 3425
f 3449 3394 3376
f 3376 3425 3449
f 3468 3404 3394
f 3394 3449 3468
f 3472 3406 3404
f 3404 3468 3472
f 3335 3310 3307
f 3307 3329 3335
f 3343 3318 3310
f 3310 3335 3343
f 3362 3336 3318
f 3318 3343 3362
f 3386 3348 3336
f 3336 3362 3386
f 3422 3369 3348
f 3348 3386 3422
f 3464 3389 3369
f 3369 3422 3464
f 3490 3425 3389
f 3389 3464 3490
f 3505 3449 3425
f 3425 3490 3505
f 3521 3468 3449
f 3449 3505 3521
f 3523 3472 3468
f 3468 3521 3523
f 3364 3335 3329
f 3329 3357 3364
f 3382 3343 3335
f 3335 3364 3382
f 3416 3362 3343
f 3343 3382 3416
f 3465 3386 3362
f 3362 3416 3465
f 3495 3422 3386
f 3386 3465 3495
f 3528 3464 3422
f 3422 3495 3528
f 3553 3490 3464
f 3464 3528 3553
f 3579 3505 3490
f 3490 3553 3579
f 3592 3521 3505
f 3505 3579 3592
f 3604 3523 3521
f 3521 3592 3604
f 3221 3096 3094
f 3094 3224 3221
f 3219 3099 3096
f 3096 3221 3219
f 3218 3100 3099
f 3099 3219 3218
f 3216 3103 3100
f 3100 3218 3216
f 3212 3105 3103
f 3103 3216 3212
f 3206 3107 3105
f 3105 3212 3206
f 3197 3108 3107
f 3107 3206 3197
f 3193 3111 3108
f 3108 3197 3193
f 3187 3112 3111
f 3111 3193 3187
f 3183 3114 3112
f 3112 3187 3183
f 3252 3221 3224
f 3224 3254 3252
f 3250 3219 3221
f 3221 3252 3250
f 3246 3218 3219
f 3219 3250 3246
f 3242 3216 3218
f 3218 3246 3242
f 3236 3212 3216
f 3216 3242 3236
f 3234 3206 3212
f 3212 3236 3234
f 3232 3197 3206
f 3206 3234 3232
f 3230 3193 3197
f 3197 3232 3230
f 3228 3187 3193
f 3193 3230 3228
f 3226 3183 3187
f 3187 3228 3226
f 3294 3252 3254
f 3254 3298 3294
f 3286 3250 3252
f 3252 3294 3286
f 3280 3246 3250
f 3250 3286 3280
f 3272 3242 3246
f 3246 3280 3272
f 3264 3236 3242
f 3242 3272 3264
f 3258 3234 3236
f 3236 3264 3258
f 3248 3232 3234
f 3234 3258 3248
f 3244 3230 3232
f 3232 3248 3244
f 3240 3228 3230
f 3230 3244 3240
f 3238 3226 3228
f 3228 3240 3238
f 3331 3294 3298
f 3298 3333 3331
f 3321 3286 3294
f 3294 3331 3321
f 3315 3280 3286
f 3286 3321 3315
f 3304 3272 3280
f 3280 3315 3304
f 3288 3264 3272
f 3272 3304 3288
f 3276 3258 3264
f 3264 3288 3276
f 3266 3248 3258
f 3258 3276 3266
f 3262 3244 3248
f 3248 3266 3262
f 3260 3240 3244
f 3244 3262 3260
f 3256 3238 3240
f 3240 3260 3256
f 3350 3331 3333
f 3333 3354 3350
f 3347 3321 3331
f 3331 3350 3347
f 3339 3315 3321
f 3321 3347 3339
f 3323 3304 3315
f 3315 3339 3323
f 3309 3288 3304
f 3304 3323 3309
f 3300 3276 3288
f 3288 3309 3300
f 3284 3266 3276
f 3276 3300 3284
f 3274 3262 3266
f 3266 3284 3274
f 3269 3260 3262
f 3262 3274 3269
f 3267 3256 3260
f 3260 3269 3267
f 3372 3350 3354
f 3354 3378 3372
f 3367 3347 3350
f 3350 3372 3367
f 3352 3339 3347
f 3347 3367 3352
f 3341 3323 3339
f 3339 3352 3341
f 3325 3309 3323
f 3323 3341 3325
f 3313 3300 3309
f 3309 3325 3313
f 3301 3284 3300
f 3300 3313 3301
f 3289 3274 3284
f 3284 3301 3289
f 3281 3269 3274
f 3274 3289 3281
f 3277 3267 3269
f 3269 3281 3277
f 3403 3372 3378
f 3378 3405 3403
f 3393 3367 3372
f 3372 3403 3393
f 3377 3352 3367
f 3367 3393 3377
f 3360 3341 3352
f 3352 3377 3360
f 3344 3325 3341
f 3341 3360 3344
f 3327 3313 3325
f 3325 3344 3327
f 3317 3301 3313
f 3313 3327 3317
f 3305 3289 3301
f 3301 3317 3305
f 3296 3281 3289
f 3289 3305 3296
f 3291 3277 3281
f 3281 3296 3291
f 3469 3403 3405
f 3405 3472 3469
f 3450 3393 3403
f 3403 3469 3450
f 3426 3377 3393
f 3393 3450 3426
f 3390 3360 3377
f 3377 3426 3390
f 3370 3344 3360
f 3360 3390 3370
f 3349 3327 3344
f 3344 3370 3349
f 3337 3317 3327
f 3327 3349 3337
f 3319 3305 3317
f 3317 3337 3319
f 3311 3296 3305
f 3305 3319 3311
f 3307 3291 3296
f 3296 3311 3307
f 3520 3469 3472
f 3472 3522 3520
f 3504 3450 3469
f 3469 3520 3504
f 3489 3426 3450
f 3450 3504 3489
f 3463 3390 3426
f 3426 3489 3463
f 3421 3370 3390
f 3390 3463 3421
f 3385 3349 3370
f 3370 3421 3385
f 3361 3337 3349
f 3349 3385 3361
f 3342 3319 3337
f 3337 3361 3342
f 3334 3311 3319
f 3319 3342 3334
f 3328 3307 3311
f 3311 3334 3328
f 3591 3520 3522
f 3522 3603 3591
f 3578 3504 3520
f 3520 3591 3578
f 3552 3489 3504
f 3504 3578 3552
f 3530 3463 3489
f 3489 3552 3530
f 3499 3421 3463
f 3463 3530 3499
f 3467 3385 3421
f 3421 3499 3467
f 3415 3361 3385
f 3385 3467 3415
f 3381 3342 3361
f 3361 3415 3381
f 3363 3334 3342
f 3342 3381 3363
f 3356 3328 3334
f 3334 3363 3356
f 3374 3365 3358
f 3358 3371 3374
f 3395 3383 3365
f 3365 3374 3395
f 3443 3417 3383
f 3383 3395 3443
f 3481 3466 3417
f 3417 3443 3481
f 3514 3496 3466
f 3466 3481 3514
f 3545 3529 3496
f 3496 3514 3545
f 3573 3551 3529
f 3529 3545 3573
f 3597 3577 3551
f 3551 3573 3597
f 3613 3590 3577
f 3577 3597 3613
f 3619 3603 3590
f 3590 3613 3619
f 3387 3374 3371
f 3371 3380 3387
f 3413 3395 3374
f 3374 3387 3413
f 3461 3443 3395
f 3395 3413 3461
f 3493 3481 3443
f 3443 3461 3493
f 3524 3514 3481
f 3481 3493 3524
f 3556 3545 3514
f 3514 3524 3556
f 3584 3573 3545
f 3545 3556 3584
f 3611 3597 3573
f 3573 3584 3611
f 3628 3613 3597
f 3597 3611 3628
f 3632 3619 3613
f 3613 3628 3632
f 3398 3387 3380
f 3380 3391 3398
f 3435 3413 3387
f 3387 3398 3435
f 3473 3461 3413
f 3413 3435 3473
f 3500 3493 3461
f 3461 3473 3500
f 3531 3524 3493
f 3493 3500 3531
f 3562 3556 3524
f 3524 3531 3562
f 3595 3584 3556
f 3556 3562 3595
f 3617 3611 3584
f 3584 3595 3617
f 3633 3628 3611
f 3611 3617 3633
f 3641 3632 3628
f 3628 3633 3641
f 3409 3398 3391
f 3391 3400 3409
f 3447 3435 3398
f 3398 3409 3447
f 3477 3473 3435
f 3435 3447 3477
f 3506 3500 3473
f 3473 3477 3506
f 3540 3531 3500
f 3500 3506 3540
f 3567 3562 3531
f 3531 3540 3567
f 3601 3595 3562
f 3562 3567 3601
f 3624 3617 3595
f 3595 3601 3624
f 3639 3633 3617
f 3617 3624 3639
f 3644 3641 3633
f 3633 3639 3644
f 3433 3409 3400
f 3400 3411 3433
f 3453 3447 3409
f 3409 3433 3453
f 3483 3477 3447
f 3447 3453 3483
f 3510 3506 3477
f 3477 3483 3510
f 3543 3540 3506
f 3506 3510 3543
f 3569 3567 3540
f 3540 3543 3569
f 3599 3601 3567
f 3567 3569 3599
f 3622 3624 3601
f 3601 3599 3622
f 3637 3639 3624
f 3624 3622 3637
f 3642 3644 3639
f 3639 3637 3642
f 3439 3433 3411
f 3411 3424 3439
f 3458 3453 3433
f 3433 3439 3458
f 3487 3483 3453
f 3453 3458 3487
f 3513 3510 3483
f 3483 3487 3513
f 3542 3543 3510
f 3510 3513 3542
f 3566 3569 3543
f 3543 3542 3566
f 3593 3599 3569
f 3569 3566 3593
f 3616 3622 3599
f 3599 3593 3616
f 3630 3637 3622
f 3622 3616 3630
f 3636 3642 3637
f 3637 3630 3636
f 3441 3439 3424
f 3424 3429 3441
f 3459 3458 3439
f 3439 3441 3459
f 3485 3487 3458
f 3458 3459 3485
f 3508 3513 3487
f 3487 3485 3508
f 3533 3542 3513
f 3513 3508 3533
f 3558 3566 3542
f 3542 3533 3558
f 3582 3593 3566
f 3566 3558 3582
f 3607 3616 3593
f 3593 3582 3607
f 3620 3630 3616
f 3616 3607 3620
f 3626 3636 3630
f 3630 3620 3626
f 3437 3441 3429
f 3429 3427 3437
f 3455 3459 3441
f 3441 3437 3455
f 3479 3485 3459
f 3459 3455 3479
f 3502 3508 3485
f 3485 3479 3502
f 3526 3533 3508
f 3508 3502 3526
f 3547 3558 3533
f 3533 3526 3547
f 3571 3582 3558
f 3558 3547 3571
f 3588 3607 3582
f 3582 3571 3588
f 3605 3620 3607
f 3607 3588 3605
f 3609 3626 3620
f 3620 3605 3609
f 3419 3437 3427
f 3427 3408 3419
f 3445 3455 3437
f 3437 3419 3445
f 3470 3479 3455
f 3455 3445 3470
f 3492 3502 3479
f 3479 3470 3492
f 3517 3526 3502
f 3502 3492 3517
f 3536 3547 3526
f 3526 3517 3536
f 3554 3571 3547
f 3547 3536 3554
f 3575 3588 3571
f 3571 3554 3575
f 3580 3605 3588
f 3588 3575 3580
f 3587 3609 3605
f 3605 3580 3587
f 3401 3419 3408
f 3408 3397 3401
f 3431 3445 3419
f 3419 3401 3431
f 3451 3470 3445
f 3445 3431 3451
f 3475 3492 3470
f 3470 3451 3475
f 3497 3517 3492
f 3492 3475 3497
f 3518 3536 3517
f 3517 3497 3518
f 3537 3554 3536
f 3536 3518 3537
f 3549 3575 3554
f 3554 3537 3549
f 3560 3580 3575
f 3575 3549 3560
f 3564 3587 3580
f 3580 3560 3564
f 3614 3591 3603
f 3603 3619 3614
f 3598 3578 3591
f 3591 3614 3598
f 3574 3552 3578
f 3578 3598 3574
f 3546 3530 3552
f 3552 3574 3546
f 3515 3499 3530
f 3530 3546 3515
f 3482 3467 3499
f 3499 3515 3482
f 3444 3418 3467
f 3467 3482 3444
f 3396 3384 3418
f 3418 3444 3396
f 3375 3366 3384
f 3384 3396 3375
f 3371 3358 3366
f 3366 3375 3371
f 3629 3614 3619
f 3619 3632 3629
f 3612 3598 3614
f 3614 3629 3612
f 3585 3574 3598
f 3598 3612 3585
f 3557 3546 3574
f 3574 3585 3557
f 3525 3515 3546
f 3546 3557 3525
f 3494 3482 3515
f 3515 3525 3494
f 3462 3444 3482
f 3482 3494 3462
f 3414 3396 3444
f 3444 3462 3414
f 3388 3375 3396
f 3396 3414 3388
f 3380 3371 3375
f 3375 3388 3380
f 3634 3629 3632
f 3632 3641 3634
f 3618 3612 3629
f 3629 3634 3618
f 3596 3585 3612
f 3612 3618 3596
f 3563 3557 3585
f 3585 3596 3563
f 3532 3525 3557
f 3557 3563 3532
f 3501 3494 3525
f 3525 3532 3501
f 3474 3462 3494
f 3494 3501 3474
f 3436 3414 3462
f 3462 3474 3436
f 3399 3388 3414
f 3414 3436 3399
f 3392 3380 3388
f 3388 3399 3392
f 3640 3634 3641
f 3641 3644 3640
f 3625 3618 3634
f 3634 3640 3625
f 3602 3596 3618
f 3618 3625 3602
f 3568 3563 3596
f 3596 3602 3568
f 3539 3532 3563
f 3563 3568 3539
f 3507 3501 3532
f 3532 3539 3507
f 3478 3474 3501
f 3501 3507 3478
f 3448 3436 3474
f 3474 3478 3448
f 3410 3399 3436
f 3436 3448 3410
f 3400 3392 3399
f 3399 3410 3400
f 3638 3640 3644
f 3644 3643 3638
f 3623 3625 3640
f 3640 3638 3623
f 3600 3602 3625
f 3625 3623 3600
f 3570 3568 3602
f 3602 3600 3570
f 3544 3539 3568
f 3568 3570 3544
f 3511 3507 3539
f 3539 3544 3511
f 3484 3478 3507
f 3507 3511 3484
f 3454 3448 3478
f 3478 3484 3454
f 3434 3410 3448
f 3448 3454 3434
f 3412 3400 3410
f 3410 3434 3412
f 3631 3638 3643
f 3643 3635 3631
f 3615 3623 3638
f 3638 3631 3615
f 3594 3600 3623
f 3623 3615 3594
f 3565 3570 3600
f 3600 3594 3565
f 3541 3544 3570
f 3570 3565 3541
f 3512 3511 3544
f 3544 3541 3512
f 3488 3484 3511
f 3511 3512 3488
f 3457 3454 3484
f 3484 3488 3457
f 3440 3434 3454
f 3454 3457 3440
f 3423 3412 3434
f 3434 3440 3423
f 3621 3631 3635
f 3635 3627 3621
f 3608 3615 3631
f 3631 3621 3608
f 3583 3594 3615
f 3615 3608 3583
f 3559 3565 3594
f 3594 3583 3559
f 3534 3541 3565
f 3565 3559 3534
f 3509 3512 3541
f 3541 3534 3509
f 3486 3488 3512
f 3512 3509 3486
f 3460 3457 3488
f 3488 3486 3460
f 3442 3440 3457
f 3457 3460 3442
f 3430 3423 3440
f 3440 3442 3430
f 3606 3621 3627
f 3627 3610 3606
f 3589 3608 3621
f 3621 3606 3589
f 3572 3583 3608
f 3608 3589 3572
f 3548 3559 3583
f 3583 3572 3548
f 3527 3534 3559
f 3559 3548 3527
f 3503 3509 3534
f 3534 3527 3503
f 3480 3486 3509
f 3509 3503 3480
f 3456 3460 3486
f 3486 3480 3456
f 3438 3442 3460
f 3460 3456 3438
f 3428 3430 3442
f 3442 3438 3428
f 3581 3606 3610
f 3610 3586 3581
f 3576 3589 3606
f 3606 3581 3576
f 3555 3572 3589
f 3589 3576 3555
f 3535 3548 3572
f 3572 3555 3535
f 3516 3527 3548
f 3548 3535 3516
f 3491 3503 3527
f 3527 3516 3491
f 3471 3480 3503
f 3503 3491 3471
f 3446 3456 3480
f 3480 3471 3446
f 3420 3438 3456
f 3456 3446 3420
f 3407 3428 3438
f 3438 3420 3407
f 3561 3581 3586
f 3586 3564 3561
f 3550 3576 3581
f 3581 3561 3550
f 3538 3555 3576
f 3576 3550 3538
f 3519 3535 3555
f 3555 3538 3519
f 3498 3516 3535
f 3535 3519 3498
f 3476 3491 3516
f 3516 3498 3476
f 3452 3471 3491
f 3491 3476 3452
f 3432 3446 3471
f 3471 3452 3432
f 3402 3420 3446
f 3446 3432 3402
f 3397 3407 3420
f 3420 3402 3397
f 1888 2110 2104
f 1888 2104 2096
f 1888 2096 2076
f 1888 2076 2048
f 1888 2048 2030
f 1888 2030 2006
f 1888 2006 1982
f 1888 1982 1960
f 1888 1960 1936
f 1888 1936 1732
f 2257 2104 2110
f 2110 2261 2257
f 2249 2096 2104
f 2104 2257 2249
f 2226 2076 2096
f 2096 2249 2226
f 2200 2048 2076
f 2076 2226 2200
f 2142 2030 2048
f 2048 2200 2142
f 2094 2006 2030
f 2030 2142 2094
f 2036 1982 2006
f 2006 2094 2036
f 1988 1960 1982
f 1982 2036 1988
f 1948 1936 1960
f 1960 1988 1948
f 1728 1732 1936
f 1936 1948 1728
f 2310 2257 2261
f 2261 2315 2310
f 2300 2249 2257
f 2257 2310 2300
f 2279 2226 2249
f 2249 2300 2279
f 2243 2200 2226
f 2226 2279 2243
f 2204 2142 2200
f 2200 2243 2204
f 2132 2094 2142
f 2142 2204 2132
f 2067 2036 2094
f 2094 2132 2067
f 2000 1988 2036
f 2036 2067 2000
f 1956 1948 1988
f 1988 2000 1956
f 1734 1728 1948
f 1948 1956 1734
f 2312 2310 2315
f 2315 2316 2312
f 2302 2300 2310
f 2310 2312 2302
f 2281 2279 2300
f 2300 2302 2281
f 2245 2243 2279
f 2279 2281 2245
f 2206 2204 2243
f 2243 2245 2206
f 2134 2132 2204
f 2204 2206 2134
f 2068 2067 2132
f 2132 2134 2068
f 2002 2000 2067
f 2067 2068 2002
f 1958 1956 2000
f 2000 2002 1958
f 1878 1734 1956
f 1956 1958 1878
f 2285 2312 2316
f 2316 2289 2285
f 2259 2302 2312
f 2312 2285 2259
f 2241 2281 2302
f 2302 2259 2241
f 2214 2245 2281
f 2281 2241 2214
f 2168 2206 2245
f 2245 2214 2168
f 2106 2134 2206
f 2206 2168 2106
f 2042 2068 2134
f 2134 2106 2042
f 1994 2002 2068
f 2068 2042 1994
f 1952 1958 2002
f 2002 1994 1952
f 1731 1878 1958
f 1958 1952 1731
f 2220 2285 2289
f 2289 2225 2220
f 2210 2259 2285
f 2285 2220 2210
f 2186 2241 2259
f 2259 2210 2186
f 2146 2214 2241
f 2241 2186 2146
f 2108 2168 2214
f 2214 2146 2108
f 2060 2106 2168
f 2168 2108 2060
f 2018 2042 2106
f 2106 2060 2018
f 1978 1994 2042
f 2042 2018 1978
f 1944 1952 1994
f 1994 1978 1944
f 1727 1731 1952
f 1952 1944 1727
f 2141 2220 2225
f 2225 2145 2141
f 2127 2210 2220
f 2220 2141 2127
f 2112 2186 2210
f 2210 2127 2112
f 2084 2146 2186
f 2186 2112 2084
f 2044 2108 2146
f 2146 2084 2044
f 2024 2060 2108
f 2108 2044 2024
f 1992 2018 2060
f 2060 2024 1992
f 1970 1978 2018
f 2018 1992 1970
f 1942 1944 1978
f 1978 1970 1942
f 1721 1727 1944
f 1944 1942 1721
f 2079 2141 2145
f 2145 2087 2079
f 2075 2127 2141
f 2141 2079 2075
f 2055 2112 2127
f 2127 2075 2055
f 2039 2084 2112
f 2112 2055 2039
f 2021 2044 2084
f 2084 2039 2021
f 1996 2024 2044
f 2044 2021 1996
f 1974 1992 2024
f 2024 1996 1974
f 1954 1970 1992
f 1992 1974 1954
f 1934 1942 1970
f 1970 1954 1934
f 1720 1721 1942
f 1942 1934 1720
f 2063 2079 2087
f 2087 2071 2063
f 2051 2075 2079
f 2079 2063 2051
f 2041 2055 2075
f 2075 2051 2041
f 2029 2039 2055
f 2055 2041 2029
f 2013 2021 2039
f 2039 2029 2013
f 1991 1996 2021
f 2021 2013 1991
f 1972 1974 1996
f 1996 1991 1972
f 1950 1954 1974
f 1974 1972 1950
f 1932 1934 1954
f 1954 1950 1932
f 1701 1720 1934
f 1934 1932 1701
f 2115 2063 2071
f 2071 2123 2115
f 2101 2051 2063
f 2063 2115 2101
f 2081 2041 2051
f 2051 2101 2081
f 2057 2029 2041
f 2041 2081 2057
f 2033 2013 2029
f 2029 2057 2033
f 2009 1991 2013
f 2013 2033 2009
f 1984 1972 1991
f 1991 2009 1984
f 1964 1950 1972
f 1972 1984 1964
f 1938 1932 1950
f 1950 1964 1938
f 1698 1701 1932
f 1932 1938 1698
f 1888 1886 1686
f 1888 1686 1662
f 1888 1662 1640
f 1888 1640 1616
f 1888 1616 1592
f 1888 1592 1574
f 1888 1574 1546
f 1888 1546 1526
f 1888 1526 1518
f 1888 1518 1512
f 1674 1686 1886
f 1886 1884 1674
f 1634 1662 1686
f 1686 1674 1634
f 1586 1640 1662
f 1662 1634 1586
f 1528 1616 1640
f 1640 1586 1528
f 1480 1592 1616
f 1616 1528 1480
f 1422 1574 1592
f 1592 1480 1422
f 1396 1546 1574
f 1574 1422 1396
f 1373 1526 1546
f 1546 1396 1373
f 1365 1518 1526
f 1526 1373 1365
f 1361 1512 1518
f 1518 1365 1361
f 1666 1674 1884
f 1884 1882 1666
f 1622 1634 1674
f 1674 1666 1622
f 1557 1586 1634
f 1634 1622 1557
f 1490 1528 1586
f 1586 1557 1490
f 1418 1480 1528
f 1528 1490 1418
f 1379 1422 1480
f 1480 1418 1379
f 1343 1396 1422
f 1422 1379 1343
f 1322 1373 1396
f 1396 1343 1322
f 1312 1365 1373
f 1373 1322 1312
f 1309 1361 1365
f 1365 1312 1309
f 1664 1666 1882
f 1882 1879 1664
f 1620 1622 1666
f 1666 1664 1620
f 1554 1557 1622
f 1622 1620 1554
f 1488 1490 1557
f 1557 1554 1488
f 1416 1418 1490
f 1490 1488 1416
f 1377 1379 1418
f 1418 1416 1377
f 1341 1343 1379
f 1379 1377 1341
f 1320 1322 1343
f 1343 1341 1320
f 1310 1312 1322
f 1322 1320 1310
f 1306 1309 1312
f 1312 1310 1306
f 1670 1664 1879
f 1879 1876 1670
f 1628 1620 1664
f 1664 1670 1628
f 1580 1554 1620
f 1620 1628 1580
f 1516 1488 1554
f 1554 1580 1516
f 1454 1416 1488
f 1488 1516 1454
f 1408 1377 1416
f 1416 1454 1408
f 1381 1341 1377
f 1377 1408 1381
f 1363 1320 1341
f 1341 1381 1363
f 1337 1310 1320
f 1320 1363 1337
f 1333 1306 1310
f 1310 1337 1333
f 1678 1670 1876
f 1876 1874 1678
f 1644 1628 1670
f 1670 1678 1644
f 1604 1580 1628
f 1628 1644 1604
f 1562 1516 1580
f 1580 1604 1562
f 1514 1454 1516
f 1516 1562 1514
f 1476 1408 1454
f 1454 1514 1476
f 1436 1381 1408
f 1408 1476 1436
f 1412 1363 1381
f 1381 1436 1412
f 1402 1337 1363
f 1363 1412 1402
f 1399 1333 1337
f 1337 1402 1399
f 1680 1678 1874
f 1874 1872 1680
f 1652 1644 1678
f 1678 1680 1652
f 1630 1604 1644
f 1644 1652 1630
f 1598 1562 1604
f 1604 1630 1598
f 1578 1514 1562
f 1562 1598 1578
f 1538 1476 1514
f 1514 1578 1538
f 1510 1436 1476
f 1476 1538 1510
f 1497 1412 1436
f 1436 1510 1497
f 1483 1402 1412
f 1412 1497 1483
f 1479 1399 1402
f 1402 1483 1479
f 1688 1680 1872
f 1872 1870 1688
f 1668 1652 1680
f 1680 1688 1668
f 1648 1630 1652
f 1652 1668 1648
f 1626 1598 1630
f 1630 1648 1626
f 1603 1578 1598
f 1598 1626 1603
f 1585 1538 1578
f 1578 1603 1585
f 1569 1510 1538
f 1538 1585 1569
f 1549 1497 1510
f 1510 1569 1549
f 1545 1483 1497
f 1497 1549 1545
f 1537 1479 1483
f 1483 1545 1537
f 1690 1688 1870
f 1870 1868 1690
f 1672 1668 1688
f 1688 1690 1672
f 1650 1648 1668
f 1668 1672 1650
f 1633 1626 1648
f 1648 1650 1633
f 1611 1603 1626
f 1626 1633 1611
f 1595 1585 1603
f 1603 1611 1595
f 1583 1569 1585
f 1585 1595 1583
f 1573 1549 1569
f 1569 1583 1573
f 1561 1545 1549
f 1549 1573 1561
f 1553 1537 1545
f 1545 1561 1553
f 1684 1690 1868
f 1868 1865 1684
f 1658 1672 1690
f 1690 1684 1658
f 1638 1650 1672
f 1672 1658 1638
f 1615 1633 1650
f 1650 1638 1615
f 1591 1611 1633
f 1633 1615 1591
f 1567 1595 1611
f 1611 1591 1567
f 1543 1583 1595
f 1595 1567 1543
f 1523 1573 1583
f 1583 1543 1523
f 1509 1561 1573
f 1573 1523 1509
f 1501 1553 1561
f 1561 1509 1501
f 1888 1513 1519
f 1888 1519 1527
f 1888 1527 1547
f 1888 1547 1575
f 1888 1575 1593
f 1888 1593 1617
f 1888 1617 1641
f 1888 1641 1663
f 1888 1663 1687
f 1888 1687 1894
f 1366 1519 1513
f 1513 1362 1366
f 1374 1527 1519
f 1519 1366 1374
f 1397 1547 1527
f 1527 1374 1397
f 1423 1575 1547
f 1547 1397 1423
f 1481 1593 1575
f 1575 1423 1481
f 1529 1617 1593
f 1593 1481 1529
f 1587 1641 1617
f 1617 1529 1587
f 1635 1663 1641
f 1641 1587 1635
f 1675 1687 1663
f 1663 1635 1675
f 1895 1894 1687
f 1687 1675 1895
f 1313 1366 1362
f 1362 1308 1313
f 1323 1374 1366
f 1366 1313 1323
f 1344 1397 1374
f 1374 1323 1344
f 1380 1423 1397
f 1397 1344 1380
f 1419 1481 1423
f 1423 1380 1419
f 1491 1529 1481
f 1481 1419 1491
f 1556 1587 1529
f 1529 1491 1556
f 1623 1635 1587
f 1587 1556 1623
f 1667 1675 1635
f 1635 1623 1667
f 1890 1895 1675
f 1675 1667 1890
f 1311 1313 1308
f 1308 1307 1311
f 1321 1323 1313
f 1313 1311 1321
f 1342 1344 1323
f 1323 1321 1342
f 1378 1380 1344
f 1344 1342 1378
f 1417 1419 1380
f 1380 1378 1417
f 1489 1491 1419
f 1419 1417 1489
f 1555 1556 1491
f 1491 1489 1555
f 1621 1623 1556
f 1556 1555 1621
f 1665 1667 1623
f 1623 1621 1665
f 1881 1890 1667
f 1667 1665 1881
f 1338 1311 1307
f 1307 1334 1338
f 1364 1321 1311
f 1311 1338 1364
f 1382 1342 1321
f 1321 1364 1382
f 1409 1378 1342
f 1342 1382 1409
f 1455 1417 1378
f 1378 1409 1455
f 1517 1489 1417
f 1417 1455 1517
f 1581 1555 1489
f 1489 1517 1581
f 1629 1621 1555
f 1555 1581 1629
f 1671 1665 1621
f 1621 1629 1671
f 1893 1881 1665
f 1665 1671 1893
f 1403 1338 1334
f 1334 1398 1403
f 1413 1364 1338
f 1338 1403 1413
f 1437 1382 1364
f 1364 1413 1437
f 1477 1409 1382
f 1382 1437 1477
f 1515 1455 1409
f 1409 1477 1515
f 1563 1517 1455
f 1455 1515 1563
f 1605 1581 1517
f 1517 1563 1605
f 1645 1629 1581
f 1581 1605 1645
f 1679 1671 1629
f 1629 1645 1679
f 1900 1893 1671
f 1671 1679 1900
f 1482 1403 1398
f 1398 1478 1482
f 1496 1413 1403
f 1403 1482 1496
f 1511 1437 1413
f 1413 1496 1511
f 1539 1477 1437
f 1437 1511 1539
f 1579 1515 1477
f 1477 1539 1579
f 1599 1563 1515
f 1515 1579 1599
f 1631 1605 1563
f 1563 1599 1631
f 1653 1645 1605
f 1605 1631 1653
f 1681 1679 1645
f 1645 1653 1681
f 1902 1900 1679
f 1679 1681 1902
f 1544 1482 1478
f 1478 1536 1544
f 1548 1496 1482
f 1482 1544 1548
f 1568 1511 1496
f 1496 1548 1568
f 1584 1539 1511
f 1511 1568 1584
f 1602 1579 1539
f 1539 1584 1602
f 1627 1599 1579
f 1579 1602 1627
f 1649 1631 1599
f 1599 1627 1649
f 1669 1653 1631
f 1631 1649 1669
f 1689 1681 1653
f 1653 1669 1689
f 1921 1902 1681
f 1681 1689 1921
f 1560 1544 1536
f 1536 1552 1560
f 1572 1548 1544
f 1544 1560 1572
f 1582 1568 1548
f 1548 1572 1582
f 1594 1584 1568
f 1568 1582 1594
f 1610 1602 1584
f 1584 1594 1610
f 1632 1627 1602
f 1602 1610 1632
f 1651 1649 1627
f 1627 1632 1651
f 1673 1669 1649
f 1649 1651 1673
f 1691 1689 1669
f 1669 1673 1691
f 1922 1921 1689
f 1689 1691 1922
f 1508 1560 1552
f 1552 1500 1508
f 1522 1572 1560
f 1560 1508 1522
f 1542 1582 1572
f 1572 1522 1542
f 1566 1594 1582
f 1582 1542 1566
f 1590 1610 1594
f 1594 1566 1590
f 1614 1632 1610
f 1610 1590 1614
f 1639 1651 1632
f 1632 1614 1639
f 1659 1673 1651
f 1651 1639 1659
f 1685 1691 1673
f 1673 1659 1685
f 1928 1922 1691
f 1691 1685 1928
f 1888 1887 1937
f 1888 1937 1961
f 1888 1961 1983
f 1888 1983 2007
f 1888 2007 2031
f 1888 2031 2049
f 1888 2049 2077
f 1888 2077 2097
f 1888 2097 2105
f 1888 2105 2111
f 1949 1937 1887
f 1887 1885 1949
f 1989 1961 1937
f 1937 1949 1989
f 2037 1983 1961
f 1961 1989 2037
f 2095 2007 1983
f 1983 2037 2095
f 2143 2031 2007
f 2007 2095 2143
f 2201 2049 2031
f 2031 2143 2201
f 2227 2077 2049
f 2049 2201 2227
f 2250 2097 2077
f 2077 2227 2250
f 2258 2105 2097
f 2097 2250 2258
f 2262 2111 2105
f 2105 2258 2262
f 1957 1949 1885
f 1885 1883 1957
f 2001 1989 1949
f 1949 1957 2001
f 2066 2037 1989
f 1989 2001 2066
f 2133 2095 2037
f 2037 2066 2133
f 2205 2143 2095
f 2095 2133 2205
f 2244 2201 2143
f 2143 2205 2244
f 2280 2227 2201
f 2201 2244 2280
f 2301 2250 2227
f 2227 2280 2301
f 2311 2258 2250
f 2250 2301 2311
f 2314 2262 2258
f 2258 2311 2314
f 1959 1957 1883
f 1883 1880 1959
f 2003 2001 1957
f 1957 1959 2003
f 2069 2066 2001
f 2001 2003 2069
f 2135 2133 2066
f 2066 2069 2135
f 2207 2205 2133
f 2133 2135 2207
f 2246 2244 2205
f 2205 2207 2246
f 2282 2280 2244
f 2244 2246 2282
f 2303 2301 2280
f 2280 2282 2303
f 2313 2311 2301
f 2301 2303 2313
f 2317 2314 2311
f 2311 2313 2317
f 1953 1959 1880
f 1880 1877 1953
f 1995 2003 1959
f 1959 1953 1995
f 2043 2069 2003
f 2003 1995 2043
f 2107 2135 2069
f 2069 2043 2107
f 2169 2207 2135
f 2135 2107 2169
f 2215 2246 2207
f 2207 2169 2215
f 2242 2282 2246
f 2246 2215 2242
f 2260 2303 2282
f 2282 2242 2260
f 2286 2313 2303
f 2303 2260 2286
f 2290 2317 2313
f 2313 2286 2290
f 1945 1953 1877
f 1877 1875 1945
f 1979 1995 1953
f 1953 1945 1979
f 2019 2043 1995
f 1995 1979 2019
f 2061 2107 2043
f 2043 2019 2061
f 2109 2169 2107
f 2107 2061 2109
f 2147 2215 2169
f 2169 2109 2147
f 2187 2242 2215
f 2215 2147 2187
f 2211 2260 2242
f 2242 2187 2211
f 2221 2286 2260
f 2260 2211 2221
f 2224 2290 2286
f 2286 2221 2224
f 1943 1945 1875
f 1875 1873 1943
f 1971 1979 1945
f 1945 1943 1971
f 1993 2019 1979
f 1979 1971 1993
f 2025 2061 2019
f 2019 1993 2025
f 2045 2109 2061
f 2061 2025 2045
f 2085 2147 2109
f 2109 2045 2085
f 2113 2187 2147
f 2147 2085 2113
f 2126 2211 2187
f 2187 2113 2126
f 2140 2221 2211
f 2211 2126 2140
f 2144 2224 2221
f 2221 2140 2144
f 1935 1943 1873
f 1873 1871 1935
f 1955 1971 1943
f 1943 1935 1955
f 1975 1993 1971
f 1971 1955 1975
f 1997 2025 1993
f 1993 1975 1997
f 2020 2045 2025
f 2025 1997 2020
f 2038 2085 2045
f 2045 2020 2038
f 2054 2113 2085
f 2085 2038 2054
f 2074 2126 2113
f 2113 2054 2074
f 2078 2140 2126
f 2126 2074 2078
f 2086 2144 2140
f 2140 2078 2086
f 1933 1935 1871
f 1871 1869 1933
f 1951 1955 1935
f 1935 1933 1951
f 1973 1975 1955
f 1955 1951 1973
f 1990 1997 1975
f 1975 1973 1990
f 2012 2020 1997
f 1997 1990 2012
f 2028 2038 2020
f 2020 2012 2028
f 2040 2054 2038
f 2038 2028 2040
f 2050 2074 2054
f 2054 2040 2050
f 2062 2078 2074
f 2074 2050 2062
f 2070 2086 2078
f 2078 2062 2070
f 1939 1933 1869
f 1869 1866 1939
f 1965 1951 1933
f 1933 1939 1965
f 1985 1973 1951
f 1951 1965 1985
f 2008 1990 1973
f 1973 1985 2008
f 2032 2012 1990
f 1990 2008 2032
f 2056 2028 2012
f 2012 2032 2056
f 2080 2040 2028
f 2028 2056 2080
f 2100 2050 2040
f 2040 2080 2100
f 2114 2062 2050
f 2050 2100 2114
f 2122 2070 2062
f 2062 2114 2122
f 2232 2116 2124
f 2124 2236 2232
f 2218 2102 2116
f 2116 2232 2218
f 2199 2082 2102
f 2102 2218 2199
f 2150 2058 2082
f 2082 2199 2150
f 2120 2034 2058
f 2058 2150 2120
f 2064 2010 2034
f 2034 2120 2064
f 2023 1986 2010
f 2010 2064 2023
f 1980 1966 1986
f 1986 2023 1980
f 1946 1940 1966
f 1966 1980 1946
f 1862 1730 1940
f 1940 1946 1862
f 2332 2232 2236
f 2236 2336 2332
f 2322 2218 2232
f 2232 2332 2322
f 2306 2199 2218
f 2218 2322 2306
f 2275 2150 2199
f 2199 2306 2275
f 2234 2120 2150
f 2150 2275 2234
f 2170 2064 2120
f 2120 2234 2170
f 2093 2023 2064
f 2064 2170 2093
f 2016 1980 2023
f 2023 2093 2016
f 1968 1946 1980
f 1980 2016 1968
f 1858 1862 1946
f 1946 1968 1858
f 2409 2332 2336
f 2336 2413 2409
f 2400 2322 2332
f 2332 2409 2400
f 2376 2306 2322
f 2322 2400 2376
f 2349 2275 2306
f 2306 2376 2349
f 2324 2234 2275
f 2275 2349 2324
f 2271 2170 2234
f 2234 2324 2271
f 2185 2093 2170
f 2170 2271 2185
f 2072 2016 2093
f 2093 2185 2072
f 1976 1968 2016
f 2016 2072 1976
f 1729 1858 1968
f 1968 1976 1729
f 2488 2409 2413
f 2413 2498 2488
f 2470 2400 2409
f 2409 2488 2470
f 2444 2376 2400
f 2400 2470 2444
f 2418 2349 2376
f 2376 2444 2418
f 2384 2324 2349
f 2349 2418 2384
f 2338 2271 2324
f 2324 2384 2338
f 2269 2185 2271
f 2271 2338 2269
f 2138 2072 2185
f 2185 2269 2138
f 1998 1976 2072
f 2072 2138 1998
f 1722 1729 1976
f 1976 1998 1722
f 2559 2488 2498
f 2498 2569 2559
f 2549 2470 2488
f 2488 2559 2549
f 2531 2444 2470
f 2470 2549 2531
f 2492 2418 2444
f 2444 2531 2492
f 2436 2384 2418
f 2418 2492 2436
f 2394 2338 2384
f 2384 2436 2394
f 2326 2269 2338
f 2338 2394 2326
f 2212 2138 2269
f 2269 2326 2212
f 2026 1998 2138
f 2138 2212 2026
f 1850 1722 1998
f 1998 2026 1850
f 2653 2559 2569
f 2569 2655 2653
f 2631 2549 2559
f 2559 2653 2631
f 2593 2531 2549
f 2549 2631 2593
f 2551 2492 2531
f 2531 2593 2551
f 2510 2436 2492
f 2492 2551 2510
f 2432 2394 2436
f 2436 2510 2432
f 2366 2326 2394
f 2394 2432 2366
f 2263 2212 2326
f 2326 2366 2263
f 2052 2026 2212
f 2212 2263 2052
f 1726 1850 2026
f 2026 2052 1726
f 2720 2653 2655
f 2655 2726 2720
f 2697 2631 2653
f 2653 2720 2697
f 2662 2593 2631
f 2631 2697 2662
f 2607 2551 2593
f 2593 2662 2607
f 2547 2510 2551
f 2551 2607 2547
f 2484 2432 2510
f 2510 2547 2484
f 2405 2366 2432
f 2432 2484 2405
f 2308 2263 2366
f 2366 2405 2308
f 2090 2052 2263
f 2263 2308 2090
f 1719 1726 2052
f 2052 2090 1719
f 2787 2720 2726
f 2726 2795 2787
f 2759 2697 2720
f 2720 2787 2759
f 2713 2662 2697
f 2697 2759 2713
f 2657 2607 2662
f 2662 2713 2657
f 2589 2547 2607
f 2607 2657 2589
f 2525 2484 2547
f 2547 2589 2525
f 2422 2405 2484
f 2484 2525 2422
f 2330 2308 2405
f 2405 2422 2330
f 2118 2090 2308
f 2308 2330 2118
f 1700 1719 2090
f 2090 2118 1700
f 2834 2787 2795
f 2795 2844 2834
f 2798 2759 2787
f 2787 2834 2798
f 2750 2713 2759
f 2759 2798 2750
f 2690 2657 2713
f 2713 2750 2690
f 2624 2589 2657
f 2657 2690 2624
f 2536 2525 2589
f 2589 2624 2536
f 2441 2422 2525
f 2525 2536 2441
f 2340 2330 2422
f 2422 2441 2340
f 2128 2118 2330
f 2330 2340 2128
f 1825 1700 2118
f 2118 2128 1825
f 2847 2834 2844
f 2844 2857 2847
f 2821 2798 2834
f 2834 2847 2821
f 2765 2750 2798
f 2798 2821 2765
f 2703 2690 2750
f 2750 2765 2703
f 2637 2624 2690
f 2690 2703 2637
f 2543 2536 2624
f 2624 2637 2543
f 2446 2441 2536
f 2536 2543 2446
f 2344 2340 2441
f 2441 2446 2344
f 2136 2128 2340
f 2340 2344 2136
f 1713 1825 2128
f 2128 2136 1713
f 1676 1682 1864
f 1864 1862 1676
f 1642 1656 1682
f 1682 1676 1642
f 1601 1636 1656
f 1656 1642 1601
f 1558 1612 1636
f 1636 1601 1558
f 1502 1588 1612
f 1612 1558 1502
f 1472 1564 1588
f 1588 1502 1472
f 1425 1540 1564
f 1564 1472 1425
f 1404 1520 1540
f 1540 1425 1404
f 1390 1506 1520
f 1520 1404 1390
f 1387 1498 1506
f 1506 1390 1387
f 1654 1676 1862
f 1862 1859 1654
f 1606 1642 1676
f 1676 1654 1606
f 1531 1601 1642
f 1642 1606 1531
f 1452 1558 1601
f 1601 1531 1452
f 1388 1502 1558
f 1558 1452 1388
f 1347 1472 1502
f 1502 1388 1347
f 1316 1425 1472
f 1472 1347 1316
f 1300 1404 1425
f 1425 1316 1300
f 1290 1390 1404
f 1404 1300 1290
f 1286 1387 1390
f 1390 1290 1286
f 1646 1654 1859
f 1859 1856 1646
f 1550 1606 1654
f 1654 1646 1550
f 1439 1531 1606
f 1606 1550 1439
f 1351 1452 1531
f 1531 1439 1351
f 1298 1388 1452
f 1452 1351 1298
f 1275 1347 1388
f 1388 1298 1275
f 1246 1316 1347
f 1347 1275 1246
f 1222 1300 1316
f 1316 1246 1222
f 1215 1290 1300
f 1300 1222 1215
f 1211 1286 1290
f 1290 1215 1211
f 1624 1646 1856
f 1856 1854 1624
f 1484 1550 1646
f 1646 1624 1484
f 1353 1439 1550
f 1550 1484 1353
f 1284 1351 1439
f 1439 1353 1284
f 1238 1298 1351
f 1351 1284 1238
f 1204 1275 1298
f 1298 1238 1204
f 1178 1246 1275
f 1275 1204 1178
f 1152 1222 1246
f 1246 1178 1152
f 1134 1215 1222
f 1222 1152 1134
f 1124 1211 1215
f 1215 1134 1124
f 1596 1624 1854
f 1854 1851 1596
f 1410 1484 1624
f 1624 1596 1410
f 1296 1353 1484
f 1484 1410 1296
f 1228 1284 1353
f 1353 1296 1228
f 1186 1238 1284
f 1284 1228 1186
f 1130 1204 1238
f 1238 1186 1130
f 1091 1178 1204
f 1204 1130 1091
f 1073 1152 1178
f 1178 1091 1073
f 1063 1134 1152
f 1152 1073 1063
f 1053 1124 1134
f 1134 1063 1053
f 1570 1596 1851
f 1851 1848 1570
f 1359 1410 1596
f 1596 1570 1359
f 1256 1296 1410
f 1410 1359 1256
f 1190 1228 1296
f 1296 1256 1190
f 1112 1186 1228
f 1228 1190 1112
f 1071 1130 1186
f 1186 1112 1071
f 1029 1091 1130
f 1130 1071 1029
f 991 1073 1091
f 1091 1029 991
f 969 1063 1073
f 1073 991 969
f 967 1053 1063
f 1063 969 967
f 1532 1570 1848
f 1848 1846 1532
f 1314 1359 1570
f 1570 1532 1314
f 1219 1256 1359
f 1359 1314 1219
f 1138 1190 1256
f 1256 1219 1138
f 1075 1112 1190
f 1190 1138 1075
f 1015 1071 1112
f 1112 1075 1015
f 962 1029 1071
f 1071 1015 962
f 925 991 1029
f 1029 962 925
f 904 969 991
f 991 925 904
f 898 967 969
f 969 904 898
f 1504 1532 1846
f 1846 1832 1504
f 1292 1314 1532
f 1532 1504 1292
f 1200 1219 1314
f 1314 1292 1200
f 1097 1138 1219
f 1219 1200 1097
f 1033 1075 1138
f 1138 1097 1033
f 965 1015 1075
f 1075 1033 965
f 909 962 1015
f 1015 965 909
f 863 925 962
f 962 909 863
f 835 904 925
f 925 863 835
f 827 898 904
f 904 835 827
f 1494 1504 1832
f 1832 1824 1494
f 1282 1292 1504
f 1504 1494 1282
f 1183 1200 1292
f 1292 1282 1183
f 1088 1097 1200
f 1200 1183 1088
f 1000 1033 1097
f 1097 1088 1000
f 934 965 1033
f 1033 1000 934
f 874 909 965
f 965 934 874
f 826 863 909
f 909 874 826
f 790 835 863
f 863 826 790
f 780 827 835
f 835 790 780
f 1486 1494 1824
f 1824 1814 1486
f 1278 1282 1494
f 1494 1486 1278
f 1176 1183 1282
f 1282 1278 1176
f 1079 1088 1183
f 1183 1176 1079
f 985 1000 1088
f 1088 1079 985
f 919 934 1000
f 1000 985 919
f 857 874 934
f 934 919 857
f 801 826 874
f 874 857 801
f 775 790 826
f 826 801 775
f 765 780 790
f 790 775 765
f 1391 1507 1499
f 1499 1387 1391
f 1405 1521 1507
f 1507 1391 1405
f 1424 1541 1521
f 1521 1405 1424
f 1473 1565 1541
f 1541 1424 1473
f 1503 1589 1565
f 1565 1473 1503
f 1559 1613 1589
f 1589 1503 1559
f 1600 1637 1613
f 1613 1559 1600
f 1643 1657 1637
f 1637 1600 1643
f 1677 1683 1657
f 1657 1643 1677
f 1863 1892 1683
f 1683 1677 1863
f 1291 1391 1387
f 1387 1287 1291
f 1301 1405 1391
f 1391 1291 1301
f 1317 1424 1405
f 1405 1301 1317
f 1348 1473 1424
f 1424 1317 1348
f 1389 1503 1473
f 1473 1348 1389
f 1453 1559 1503
f 1503 1389 1453
f 1530 1600 1559
f 1559 1453 1530
f 1607 1643 1600
f 1600 1530 1607
f 1655 1677 1643
f 1643 1607 1655
f 1861 1863 1677
f 1677 1655 1861
f 1214 1291 1287
f 1287 1210 1214
f 1223 1301 1291
f 1291 1214 1223
f 1247 1317 1301
f 1301 1223 1247
f 1274 1348 1317
f 1317 1247 1274
f 1299 1389 1348
f 1348 1274 1299
f 1352 1453 1389
f 1389 1299 1352
f 1438 1530 1453
f 1453 1352 1438
f 1551 1607 1530
f 1530 1438 1551
f 1647 1655 1607
f 1607 1551 1647
f 1891 1861 1655
f 1655 1647 1891
f 1135 1214 1210
f 1210 1125 1135
f 1153 1223 1214
f 1214 1135 1153
f 1179 1247 1223
f 1223 1153 1179
f 1205 1274 1247
f 1247 1179 1205
f 1239 1299 1274
f 1274 1205 1239
f 1285 1352 1299
f 1299 1239 1285
f 1354 1438 1352
f 1352 1285 1354
f 1485 1551 1438
f 1438 1354 1485
f 1625 1647 1551
f 1551 1485 1625
f 1901 1891 1647
f 1647 1625 1901
f 1064 1135 1125
f 1125 1054 1064
f 1074 1153 1135
f 1135 1064 1074
f 1092 1179 1153
f 1153 1074 1092
f 1131 1205 1179
f 1179 1092 1131
f 1187 1239 1205
f 1205 1131 1187
f 1229 1285 1239
f 1239 1187 1229
f 1297 1354 1285
f 1285 1229 1297
f 1411 1485 1354
f 1354 1297 1411
f 1597 1625 1485
f 1485 1411 1597
f 1853 1901 1625
f 1625 1597 1853
f 970 1064 1054
f 1054 968 970
f 992 1074 1064
f 1064 970 992
f 1030 1092 1074
f 1074 992 1030
f 1072 1131 1092
f 1092 1030 1072
f 1113 1187 1131
f 1131 1072 1113
f 1191 1229 1187
f 1187 1113 1191
f 1257 1297 1229
f 1229 1191 1257
f 1360 1411 1297
f 1297 1257 1360
f 1571 1597 1411
f 1411 1360 1571
f 1899 1853 1597
f 1597 1571 1899
f 903 970 968
f 968 897 903
f 926 992 970
f 970 903 926
f 961 1030 992
f 992 926 961
f 1016 1072 1030
f 1030 961 1016
f 1076 1113 1072
f 1072 1016 1076
f 1139 1191 1113
f 1113 1076 1139
f 1218 1257 1191
f 1191 1139 1218
f 1315 1360 1257
f 1257 1218 1315
f 1533 1571 1360
f 1360 1315 1533
f 1920 1899 1571
f 1571 1533 1920
f 836 903 897
f 897 828 836
f 864 926 903
f 903 836 864
f 910 961 926
f 926 864 910
f 966 1016 961
f 961 910 966
f 1034 1076 1016
f 1016 966 1034
f 1098 1139 1076
f 1076 1034 1098
f 1201 1218 1139
f 1139 1098 1201
f 1293 1315 1218
f 1218 1201 1293
f 1505 1533 1315
f 1315 1293 1505
f 1924 1920 1533
f 1533 1505 1924
f 789 836 828
f 828 779 789
f 825 864 836
f 836 789 825
f 873 910 864
f 864 825 873
f 933 966 910
f 910 873 933
f 999 1034 966
f 966 933 999
f 1087 1098 1034
f 1034 999 1087
f 1182 1201 1098
f 1098 1087 1182
f 1283 1293 1201
f 1201 1182 1283
f 1495 1505 1293
f 1293 1283 1495
f 1826 1924 1505
f 1505 1495 1826
f 776 789 779
f 779 766 776
f 802 825 789
f 789 776 802
f 858 873 825
f 825 802 858
f 920 933 873
f 873 858 920
f 986 999 933
f 933 920 986
f 1080 1087 999
f 999 986 1080
f 1177 1182 1087
f 1087 1080 1177
f 1279 1283 1182
f 1182 1177 1279
f 1487 1495 1283
f 1283 1279 1487
f 1914 1826 1495
f 1495 1487 1914
f 1947 1941 1867
f 1867 1863 1947
f 1981 1967 1941
f 1941 1947 1981
f 2022 1987 1967
f 1967 1981 2022
f 2065 2011 1987
f 1987 2022 2065
f 2121 2035 2011
f 2011 2065 2121
f 2151 2059 2035
f 2035 2121 2151
f 2198 2083 2059
f 2059 2151 2198
f 2219 2103 2083
f 2083 2198 2219
f 2233 2117 2103
f 2103 2219 2233
f 2236 2125 2117
f 2117 2233 2236
f 1969 1947 1863
f 1863 1860 1969
f 2017 1981 1947
f 1947 1969 2017
f 2092 2022 1981
f 1981 2017 2092
f 2171 2065 2022
f 2022 2092 2171
f 2235 2121 2065
f 2065 2171 2235
f 2276 2151 2121
f 2121 2235 2276
f 2307 2198 2151
f 2151 2276 2307
f 2323 2219 2198
f 2198 2307 2323
f 2333 2233 2219
f 2219 2323 2333
f 2337 2236 2233
f 2233 2333 2337
f 1977 1969 1860
f 1860 1857 1977
f 2073 2017 1969
f 1969 1977 2073
f 2184 2092 2017
f 2017 2073 2184
f 2272 2171 2092
f 2092 2184 2272
f 2325 2235 2171
f 2171 2272 2325
f 2348 2276 2235
f 2235 2325 2348
f 2377 2307 2276
f 2276 2348 2377
f 2401 2323 2307
f 2307 2377 2401
f 2408 2333 2323
f 2323 2401 2408
f 2412 2337 2333
f 2333 2408 2412
f 1999 1977 1857
f 1857 1855 1999
f 2139 2073 1977
f 1977 1999 2139
f 2270 2184 2073
f 2073 2139 2270
f 2339 2272 2184
f 2184 2270 2339
f 2385 2325 2272
f 2272 2339 2385
f 2419 2348 2325
f 2325 2385 2419
f 2445 2377 2348
f 2348 2419 2445
f 2471 2401 2377
f 2377 2445 2471
f 2489 2408 2401
f 2401 2471 2489
f 2499 2412 2408
f 2408 2489 2499
f 2027 1999 1855
f 1855 1852 2027
f 2213 2139 1999
f 1999 2027 2213
f 2327 2270 2139
f 2139 2213 2327
f 2395 2339 2270
f 2270 2327 2395
f 2437 2385 2339
f 2339 2395 2437
f 2493 2419 2385
f 2385 2437 2493
f 2532 2445 2419
f 2419 2493 2532
f 2550 2471 2445
f 2445 2532 2550
f 2560 2489 2471
f 2471 2550 2560
f 2570 2499 2489
f 2489 2560 2570
f 2053 2027 1852
f 1852 1849 2053
f 2264 2213 2027
f 2027 2053 2264
f 2367 2327 2213
f 2213 2264 2367
f 2433 2395 2327
f 2327 2367 2433
f 2511 2437 2395
f 2395 2433 2511
f 2552 2493 2437
f 2437 2511 2552
f 2594 2532 2493
f 2493 2552 2594
f 2632 2550 2532
f 2532 2594 2632
f 2654 2560 2550
f 2550 2632 2654
f 2656 2570 2560
f 2560 2654 2656
f 2091 2053 1849
f 1849 1847 2091
f 2309 2264 2053
f 2053 2091 2309
f 2404 2367 2264
f 2264 2309 2404
f 2485 2433 2367
f 2367 2404 2485
f 2548 2511 2433
f 2433 2485 2548
f 2608 2552 2511
f 2511 2548 2608
f 2661 2594 2552
f 2552 2608 2661
f 2698 2632 2594
f 2594 2661 2698
f 2719 2654 2632
f 2632 2698 2719
f 2725 2656 2654
f 2654 2719 2725
f 2119 2091 1847
f 1847 1833 2119
f 2331 2309 2091
f 2091 2119 2331
f 2423 2404 2309
f 2309 2331 2423
f 2526 2485 2404
f 2404 2423 2526
f 2590 2548 2485
f 2485 2526 2590
f 2658 2608 2548
f 2548 2590 2658
f 2714 2661 2608
f 2608 2658 2714
f 2760 2698 2661
f 2661 2714 2760
f 2788 2719 2698
f 2698 2760 2788
f 2796 2725 2719
f 2719 2788 2796
f 2129 2119 1833
f 1833 1827 2129
f 2341 2331 2119
f 2119 2129 2341
f 2440 2423 2331
f 2331 2341 2440
f 2535 2526 2423
f 2423 2440 2535
f 2623 2590 2526
f 2526 2535 2623
f 2689 2658 2590
f 2590 2623 2689
f 2749 2714 2658
f 2658 2689 2749
f 2797 2760 2714
f 2714 2749 2797
f 2833 2788 2760
f 2760 2797 2833
f 2843 2796 2788
f 2788 2833 2843
f 2137 2129 1827
f 1827 1815 2137
f 2345 2341 2129
f 2129 2137 2345
f 2447 2440 2341
f 2341 2345 2447
f 2544 2535 2440
f 2440 2447 2544
f 2638 2623 2535
f 2535 2544 2638
f 2704 2689 2623
f 2623 2638 2704
f 2766 2749 2689
f 2689 2704 2766
f 2822 2797 2749
f 2749 2766 2822
f 2848 2833 2797
f 2797 2822 2848
f 2858 2843 2833
f 2833 2848 2858
f 1735 2334 2329
f 1735 2329 2321
f 1735 2321 2305
f 1735 2305 2274
f 1735 2274 2231
f 1735 2231 2167
f 1735 2167 2089
f 1735 2089 2014
f 1735 2014 1962
f 1735 1962 1733
f 2515 2329 2334
f 2334 2524 2515
f 2495 2321 2329
f 2329 2515 2495
f 2456 2305 2321
f 2321 2495 2456
f 2429 2274 2305
f 2305 2456 2429
f 2399 2231 2274
f 2274 2429 2399
f 2347 2167 2231
f 2231 2399 2347
f 2292 2089 2167
f 2167 2347 2292
f 2148 2014 2089
f 2089 2292 2148
f 2004 1962 2014
f 2014 2148 2004
f 1739 1733 1962
f 1962 2004 1739
f 2647 2515 2524
f 2524 2649 2647
f 2621 2495 2515
f 2515 2647 2621
f 2584 2456 2495
f 2495 2621 2584
f 2541 2429 2456
f 2456 2584 2541
f 2502 2399 2429
f 2429 2541 2502
f 2426 2347 2399
f 2399 2502 2426
f 2352 2292 2347
f 2347 2426 2352
f 2255 2148 2292
f 2292 2352 2255
f 2046 2004 2148
f 2148 2255 2046
f 1702 1739 2004
f 2004 2046 1702
f 2746 2647 2649
f 2649 2757 2746
f 2721 2621 2647
f 2647 2746 2721
f 2681 2584 2621
f 2621 2721 2681
f 2639 2541 2584
f 2584 2681 2639
f 2557 2502 2541
f 2541 2639 2557
f 2505 2426 2502
f 2502 2557 2505
f 2415 2352 2426
f 2426 2505 2415
f 2318 2255 2352
f 2352 2415 2318
f 2098 2046 2255
f 2255 2318 2098
f 1745 1702 2046
f 2046 2098 1745
f 2840 2746 2757
f 2757 2849 2840
f 2808 2721 2746
f 2746 2840 2808
f 2756 2681 2721
f 2721 2808 2756
f 2696 2639 2681
f 2681 2756 2696
f 2626 2557 2639
f 2639 2696 2626
f 2538 2505 2557
f 2557 2626 2538
f 2443 2415 2505
f 2505 2538 2443
f 2342 2318 2415
f 2415 2443 2342
f 2131 2098 2318
f 2318 2342 2131
f 1904 1745 2098
f 2098 2131 1904
f 2906 2840 2849
f 2849 2925 2906
f 2867 2808 2840
f 2840 2906 2867
f 2818 2756 2808
f 2808 2867 2818
f 2736 2696 2756
f 2756 2818 2736
f 2667 2626 2696
f 2696 2736 2667
f 2565 2538 2626
f 2626 2667 2565
f 2475 2443 2538
f 2538 2565 2475
f 2356 2342 2443
f 2443 2475 2356
f 2156 2131 2342
f 2342 2356 2156
f 1704 1904 2131
f 2131 2156 1704
f 2976 2906 2925
f 2925 2987 2976
f 2914 2867 2906
f 2906 2976 2914
f 2852 2818 2867
f 2867 2914 2852
f 2772 2736 2818
f 2818 2852 2772
f 2688 2667 2736
f 2736 2772 2688
f 2592 2565 2667
f 2667 2688 2592
f 2497 2475 2565
f 2565 2592 2497
f 2372 2356 2475
f 2475 2497 2372
f 2176 2156 2356
f 2356 2372 2176
f 1752 1704 2156
f 2156 2176 1752
f 2993 2976 2987
f 2987 3011 2993
f 2952 2914 2976
f 2976 2993 2952
f 2874 2852 2914
f 2914 2952 2874
f 2794 2772 2852
f 2852 2874 2794
f 2702 2688 2772
f 2772 2794 2702
f 2604 2592 2688
f 2688 2702 2604
f 2509 2497 2592
f 2592 2604 2509
f 2380 2372 2497
f 2497 2509 2380
f 2182 2176 2372
f 2372 2380 2182
f 1723 1752 2176
f 2176 2182 1723
f 3000 2993 3011
f 3011 3020 3000
f 2967 2952 2993
f 2993 3000 2967
f 2879 2874 2952
f 2952 2967 2879
f 2799 2794 2874
f 2874 2879 2799
f 2707 2702 2794
f 2794 2799 2707
f 2605 2604 2702
f 2702 2707 2605
f 2512 2509 2604
f 2604 2605 2512
f 2382 2380 2509
f 2509 2512 2382
f 2188 2182 2380
f 2380 2382 2188
f 1699 1723 2182
f 2182 2188 1699
f 3006 3000 3020
f 3020 3022 3006
f 2972 2967 3000
f 3000 3006 2972
f 2888 2879 2967
f 2967 2972 2888
f 2804 2799 2879
f 2879 2888 2804
f 2710 2707 2799
f 2799 2804 2710
f 2613 2605 2707
f 2707 2710 2613
f 2520 2512 2605
f 2605 2613 2520
f 2388 2382 2512
f 2512 2520 2388
f 2192 2188 2382
f 2382 2388 2192
f 1760 1699 2188
f 2188 2192 1760
f 1735 1737 1660
f 1735 1660 1608
f 1735 1608 1535
f 1735 1535 1457
f 1735 1457 1393
f 1735 1393 1350
f 1735 1350 1319
f 1735 1319 1303
f 1735 1303 1295
f 1735 1295 1288
f 1618 1660 1737
f 1737 1739 1618
f 1474 1608 1660
f 1660 1618 1474
f 1332 1535 1608
f 1608 1474 1332
f 1277 1457 1535
f 1535 1332 1277
f 1225 1393 1457
f 1457 1277 1225
f 1195 1350 1393
f 1393 1225 1195
f 1166 1319 1350
f 1350 1195 1166
f 1129 1303 1319
f 1319 1166 1129
f 1109 1295 1303
f 1303 1129 1109
f 1099 1288 1295
f 1295 1109 1099
f 1576 1618 1739
f 1739 1741 1576
f 1367 1474 1618
f 1618 1576 1367
f 1270 1332 1474
f 1474 1367 1270
f 1196 1277 1332
f 1332 1270 1196
f 1120 1225 1277
f 1277 1196 1120
f 1081 1195 1225
f 1225 1120 1081
f 1040 1166 1195
f 1195 1081 1040
f 1001 1129 1166
f 1166 1040 1001
f 975 1109 1129
f 1129 1001 975
f 973 1099 1109
f 1109 975 973
f 1524 1576 1741
f 1741 1744 1524
f 1304 1367 1576
f 1576 1524 1304
f 1209 1270 1367
f 1367 1304 1209
f 1119 1196 1270
f 1270 1209 1119
f 1065 1120 1196
f 1196 1119 1065
f 983 1081 1120
f 1120 1065 983
f 941 1040 1081
f 1081 983 941
f 901 1001 1040
f 1040 941 901
f 878 975 1001
f 1001 901 878
f 865 973 975
f 975 878 865
f 1493 1524 1744
f 1744 1747 1493
f 1280 1304 1524
f 1524 1493 1280
f 1181 1209 1304
f 1304 1280 1181
f 1086 1119 1209
f 1209 1181 1086
f 998 1065 1119
f 1119 1086 998
f 928 983 1065
f 1065 998 928
f 868 941 983
f 983 928 868
f 816 901 941
f 941 868 816
f 784 878 901
f 901 816 784
f 773 865 878
f 878 784 773
f 1466 1493 1747
f 1747 1749 1466
f 1266 1280 1493
f 1493 1466 1266
f 1149 1181 1280
f 1280 1266 1149
f 1057 1086 1181
f 1181 1149 1057
f 955 998 1086
f 1086 1057 955
f 888 928 998
f 998 955 888
f 806 868 928
f 928 888 806
f 755 816 868
f 868 806 755
f 718 784 816
f 816 755 718
f 697 773 784
f 784 718 697
f 1446 1466 1749
f 1749 1753 1446
f 1250 1266 1466
f 1466 1446 1250
f 1127 1149 1266
f 1266 1250 1127
f 1032 1057 1149
f 1149 1127 1032
f 936 955 1057
f 1057 1032 936
f 852 888 955
f 955 936 852
f 772 806 888
f 888 852 772
f 710 755 806
f 806 772 710
f 648 718 755
f 755 710 648
f 637 697 718
f 718 648 637
f 1440 1446 1753
f 1753 1755 1440
f 1242 1250 1446
f 1446 1440 1242
f 1115 1127 1250
f 1250 1242 1115
f 1020 1032 1127
f 1127 1115 1020
f 922 936 1032
f 1032 1020 922
f 830 852 936
f 936 922 830
f 750 772 852
f 852 830 750
f 672 710 772
f 772 750 672
f 631 648 710
f 710 672 631
f 613 637 648
f 648 631 613
f 1434 1440 1755
f 1755 1757 1434
f 1240 1242 1440
f 1440 1434 1240
f 1110 1115 1242
f 1242 1240 1110
f 1017 1020 1115
f 1115 1110 1017
f 915 922 1020
f 1020 1017 915
f 823 830 922
f 922 915 823
f 743 750 830
f 830 823 743
f 655 672 750
f 750 743 655
f 622 631 672
f 672 655 622
f 602 613 631
f 631 622 602
f 1428 1434 1757
f 1757 1760 1428
f 1232 1240 1434
f 1434 1428 1232
f 1105 1110 1240
f 1240 1232 1105
f 1010 1017 1110
f 1110 1105 1010
f 913 915 1017
f 1017 1010 913
f 821 823 915
f 915 913 821
f 736 743 823
f 823 821 736
f 652 655 743
f 743 736 652
f 619 622 655
f 655 652 619
f 601 602 622
f 622 619 601
f 1735 1289 1294
f 1735 1294 1302
f 1735 1302 1318
f 1735 1318 1349
f 1735 1349 1392
f 1735 1392 1456
f 1735 1456 1534
f 1735 1534 1609
f 1735 1609 1661
f 1735 1661 1889
f 1108 1294 1289
f 1289 1099 1108
f 1128 1302 1294
f 1294 1108 1128
f 1167 1318 1302
f 1302 1128 1167
f 1194 1349 1318
f 1318 1167 1194
f 1224 1392 1349
f 1349 1194 1224
f 1276 1456 1392
f 1392 1224 1276
f 1331 1534 1456
f 1456 1276 1331
f 1475 1609 1534
f 1534 1331 1475
f 1619 1661 1609
f 1609 1475 1619
f 1738 1889 1661
f 1661 1619 1738
f 976 1108 1099
f 1099 974 976
f 1002 1128 1108
f 1108 976 1002
f 1039 1167 1128
f 1128 1002 1039
f 1082 1194 1167
f 1167 1039 1082
f 1121 1224 1194
f 1194 1082 1121
f 1197 1276 1224
f 1224 1121 1197
f 1271 1331 1276
f 1276 1197 1271
f 1368 1475 1331
f 1331 1271 1368
f 1577 1619 1475
f 1475 1368 1577
f 1903 1738 1619
f 1619 1577 1903
f 877 976 974
f 974 866 877
f 902 1002 976
f 976 877 902
f 942 1039 1002
f 1002 902 942
f 984 1082 1039
f 1039 942 984
f 1066 1121 1082
f 1082 984 1066
f 1118 1197 1121
f 1121 1066 1118
f 1208 1271 1197
f 1197 1118 1208
f 1305 1368 1271
f 1271 1208 1305
f 1525 1577 1368
f 1368 1305 1525
f 1742 1903 1577
f 1577 1525 1742
f 783 877 866
f 866 774 783
f 815 902 877
f 877 783 815
f 867 942 902
f 902 815 867
f 927 984 942
f 942 867 927
f 997 1066 984
f 984 927 997
f 1085 1118 1066
f 1066 997 1085
f 1180 1208 1118
f 1118 1085 1180
f 1281 1305 1208
f 1208 1180 1281
f 1492 1525 1305
f 1305 1281 1492
f 1703 1742 1525
f 1525 1492 1703
f 717 783 774
f 774 698 717
f 756 815 783
f 783 717 756
f 805 867 815
f 815 756 805
f 887 927 867
f 867 805 887
f 956 997 927
f 927 887 956
f 1058 1085 997
f 997 956 1058
f 1148 1180 1085
f 1085 1058 1148
f 1267 1281 1180
f 1180 1148 1267
f 1467 1492 1281
f 1281 1267 1467
f 1905 1703 1492
f 1492 1467 1905
f 647 717 698
f 698 636 647
f 709 756 717
f 717 647 709
f 771 805 756
f 756 709 771
f 851 887 805
f 805 771 851
f 935 956 887
f 887 851 935
f 1031 1058 956
f 956 935 1031
f 1126 1148 1058
f 1058 1031 1126
f 1251 1267 1148
f 1148 1126 1251
f 1447 1467 1267
f 1267 1251 1447
f 1751 1905 1467
f 1467 1447 1751
f 630 647 636
f 636 612 630
f 671 709 647
f 647 630 671
f 749 771 709
f 709 671 749
f 829 851 771
f 771 749 829
f 921 935 851
f 851 829 921
f 1019 1031 935
f 935 921 1019
f 1114 1126 1031
f 1031 1019 1114
f 1243 1251 1126
f 1126 1114 1243
f 1441 1447 1251
f 1251 1243 1441
f 1896 1751 1447
f 1447 1441 1896
f 623 630 612
f 612 603 623
f 656 671 630
f 630 623 656
f 744 749 671
f 671 656 744
f 824 829 749
f 749 744 824
f 916 921 829
f 829 824 916
f 1018 1019 921
f 921 916 1018
f 1111 1114 1019
f 1019 1018 1111
f 1241 1243 1114
f 1114 1111 1241
f 1435 1441 1243
f 1243 1241 1435
f 1923 1896 1441
f 1441 1435 1923
f 617 623 603
f 603 601 617
f 650 656 623
f 623 617 650
f 734 744 656
f 656 650 734
f 818 824 744
f 744 734 818
f 912 916 824
f 824 818 912
f 1009 1018 916
f 916 912 1009
f 1102 1111 1018
f 1018 1009 1102
f 1235 1241 1111
f 1111 1102 1235
f 1431 1435 1241
f 1241 1235 1431
f 1759 1923 1435
f 1435 1431 1759
f 1735 1736 1963
f 1735 1963 2015
f 1735 2015 2088
f 1735 2088 2166
f 1735 2166 2230
f 1735 2230 2273
f 1735 2273 2304
f 1735 2304 2320
f 1735 2320 2328
f 1735 2328 2335
f 2005 1963 1736
f 1736 1738 2005
f 2149 2015 1963
f 1963 2005 2149
f 2291 2088 2015
f 2015 2149 2291
f 2346 2166 2088
f 2088 2291 2346
f 2398 2230 2166
f 2166 2346 2398
f 2428 2273 2230
f 2230 2398 2428
f 2457 2304 2273
f 2273 2428 2457
f 2494 2320 2304
f 2304 2457 2494
f 2514 2328 2320
f 2320 2494 2514
f 2524 2335 2328
f 2328 2514 2524
f 2047 2005 1738
f 1738 1740 2047
f 2256 2149 2005
f 2005 2047 2256
f 2353 2291 2149
f 2149 2256 2353
f 2427 2346 2291
f 2291 2353 2427
f 2503 2398 2346
f 2346 2427 2503
f 2542 2428 2398
f 2398 2503 2542
f 2583 2457 2428
f 2428 2542 2583
f 2622 2494 2457
f 2457 2583 2622
f 2648 2514 2494
f 2494 2622 2648
f 2650 2524 2514
f 2514 2648 2650
f 2099 2047 1740
f 1740 1743 2099
f 2319 2256 2047
f 2047 2099 2319
f 2414 2353 2256
f 2256 2319 2414
f 2504 2427 2353
f 2353 2414 2504
f 2558 2503 2427
f 2427 2504 2558
f 2640 2542 2503
f 2503 2558 2640
f 2682 2583 2542
f 2542 2640 2682
f 2722 2622 2583
f 2583 2682 2722
f 2745 2648 2622
f 2622 2722 2745
f 2758 2650 2648
f 2648 2745 2758
f 2130 2099 1743
f 1743 1746 2130
f 2343 2319 2099
f 2099 2130 2343
f 2442 2414 2319
f 2319 2343 2442
f 2537 2504 2414
f 2414 2442 2537
f 2625 2558 2504
f 2504 2537 2625
f 2695 2640 2558
f 2558 2625 2695
f 2755 2682 2640
f 2640 2695 2755
f 2807 2722 2682
f 2682 2755 2807
f 2839 2745 2722
f 2722 2807 2839
f 2850 2758 2745
f 2745 2839 2850
f 2157 2130 1746
f 1746 1748 2157
f 2357 2343 2130
f 2130 2157 2357
f 2474 2442 2343
f 2343 2357 2474
f 2566 2537 2442
f 2442 2474 2566
f 2668 2625 2537
f 2537 2566 2668
f 2735 2695 2625
f 2625 2668 2735
f 2817 2755 2695
f 2695 2735 2817
f 2868 2807 2755
f 2755 2817 2868
f 2905 2839 2807
f 2807 2868 2905
f 2926 2850 2839
f 2839 2905 2926
f 2177 2157 1748
f 1748 1750 2177
f 2373 2357 2157
f 2157 2177 2373
f 2496 2474 2357
f 2357 2373 2496
f 2591 2566 2474
f 2474 2496 2591
f 2687 2668 2566
f 2566 2591 2687
f 2771 2735 2668
f 2668 2687 2771
f 2851 2817 2735
f 2735 2771 2851
f 2913 2868 2817
f 2817 2851 2913
f 2975 2905 2868
f 2868 2913 2975
f 2986 2926 2905
f 2905 2975 2986
f 2183 2177 1750
f 1750 1754 2183
f 2381 2373 2177
f 2177 2183 2381
f 2508 2496 2373
f 2373 2381 2508
f 2603 2591 2496
f 2496 2508 2603
f 2701 2687 2591
f 2591 2603 2701
f 2793 2771 2687
f 2687 2701 2793
f 2873 2851 2771
f 2771 2793 2873
f 2951 2913 2851
f 2851 2873 2951
f 2992 2975 2913
f 2913 2951 2992
f 3010 2986 2975
f 2975 2992 3010
f 2189 2183 1754
f 1754 1756 2189
f 2383 2381 2183
f 2183 2189 2383
f 2513 2508 2381
f 2381 2383 2513
f 2606 2603 2508
f 2508 2513 2606
f 2708 2701 2603
f 2603 2606 2708
f 2800 2793 2701
f 2701 2708 2800
f 2880 2873 2793
f 2793 2800 2880
f 2968 2951 2873
f 2873 2880 2968
f 3001 2992 2951
f 2951 2968 3001
f 3021 3010 2992
f 2992 3001 3021
f 2195 2189 1756
f 1756 1759 2195
f 2390 2383 2189
f 2189 2195 2390
f 2517 2513 2383
f 2383 2390 2517
f 2612 2606 2513
f 2513 2517 2612
f 2709 2708 2606
f 2606 2612 2709
f 2801 2800 2708
f 2708 2709 2801
f 2886 2880 2800
f 2800 2801 2886
f 2970 2968 2880
f 2880 2886 2970
f 3004 3001 2968
f 2968 2970 3004
f 3022 3021 3001
f 3001 3004 3022
